id,pair,x_ref,y_ref,x_src,y_src,ncc,review_status,generated_by,reviewed_by,review_date,reference_product,source_product,coordinate_space,caveat
OHRC_pair-01,ohrc_pair,416.0,3072.0,409.6,3148.8,0.99421,ACCEPTED,Harris+NCC proposal (scripts/propose_ground_truth_candidates.py; independent of LightGlue/SIFT),independent visual review,2026-10-05,ch2_ohr_nrp_20240425T1209509264_d_img_d18,ch2_ohr_nrp_20240425T1406019344_d_img_d18,"canonical full-resolution input pixel coordinates (x=column, y=row); products loaded with max_dimension=4096",
OHRC_pair-02,ohrc_pair,409.6,3468.8,396.8,3545.6,0.99271,ACCEPTED,Harris+NCC proposal (scripts/propose_ground_truth_candidates.py; independent of LightGlue/SIFT),independent visual review,2026-10-05,ch2_ohr_nrp_20240425T1209509264_d_img_d18,ch2_ohr_nrp_20240425T1406019344_d_img_d18,"canonical full-resolution input pixel coordinates (x=column, y=row); products loaded with max_dimension=4096",
OHRC_pair-03,ohrc_pair,262.4,2924.8,256.0,2988.8,0.99183,ACCEPTED,Harris+NCC proposal (scripts/propose_ground_truth_candidates.py; independent of LightGlue/SIFT),independent visual review,2026-10-05,ch2_ohr_nrp_20240425T1209509264_d_img_d18,ch2_ohr_nrp_20240425T1406019344_d_img_d18,"canonical full-resolution input pixel coordinates (x=column, y=row); products loaded with max_dimension=4096",
OHRC_pair-04,ohrc_pair,166.4,1254.4,192.0,1318.4,0.98976,ACCEPTED,Harris+NCC proposal (scripts/propose_ground_truth_candidates.py; independent of LightGlue/SIFT),independent visual review,2026-10-05,ch2_ohr_nrp_20240425T1209509264_d_img_d18,ch2_ohr_nrp_20240425T1406019344_d_img_d18,"canonical full-resolution input pixel coordinates (x=column, y=row); products loaded with max_dimension=4096",stripe artifacts peripheral; terrain corresponds
OHRC_pair-05,ohrc_pair,371.2,1100.8,396.8,1164.8,0.98865,ACCEPTED,Harris+NCC proposal (scripts/propose_ground_truth_candidates.py; independent of LightGlue/SIFT),independent visual review,2026-10-05,ch2_ohr_nrp_20240425T1209509264_d_img_d18,ch2_ohr_nrp_20240425T1406019344_d_img_d18,"canonical full-resolution input pixel coordinates (x=column, y=row); products loaded with max_dimension=4096",horizontal striping co-located in both chips; crater field corresponds
OHRC_pair-06,ohrc_pair,390.4,2233.6,396.8,2304.0,0.98808,ACCEPTED,Harris+NCC proposal (scripts/propose_ground_truth_candidates.py; independent of LightGlue/SIFT),independent visual review,2026-10-05,ch2_ohr_nrp_20240425T1209509264_d_img_d18,ch2_ohr_nrp_20240425T1406019344_d_img_d18,"canonical full-resolution input pixel coordinates (x=column, y=row); products loaded with max_dimension=4096",
OHRC_pair-07,ohrc_pair,89.6,3372.8,83.2,3449.6,0.9875,ACCEPTED,Harris+NCC proposal (scripts/propose_ground_truth_candidates.py; independent of LightGlue/SIFT),independent visual review,2026-10-05,ch2_ohr_nrp_20240425T1209509264_d_img_d18,ch2_ohr_nrp_20240425T1406019344_d_img_d18,"canonical full-resolution input pixel coordinates (x=column, y=row); products loaded with max_dimension=4096",
OHRC_pair-08,ohrc_pair,211.2,3635.2,198.4,3712.0,0.98464,ACCEPTED,Harris+NCC proposal (scripts/propose_ground_truth_candidates.py; independent of LightGlue/SIFT),independent visual review,2026-10-05,ch2_ohr_nrp_20240425T1209509264_d_img_d18,ch2_ohr_nrp_20240425T1406019344_d_img_d18,"canonical full-resolution input pixel coordinates (x=column, y=row); products loaded with max_dimension=4096",
OHRC_pair-09,ohrc_pair,281.6,3168.0,275.2,3244.8,0.98369,ACCEPTED,Harris+NCC proposal (scripts/propose_ground_truth_candidates.py; independent of LightGlue/SIFT),independent visual review,2026-10-05,ch2_ohr_nrp_20240425T1209509264_d_img_d18,ch2_ohr_nrp_20240425T1406019344_d_img_d18,"canonical full-resolution input pixel coordinates (x=column, y=row); products loaded with max_dimension=4096",
OHRC_pair-10,ohrc_pair,249.6,652.8,281.6,716.8,0.98244,ACCEPTED,Harris+NCC proposal (scripts/propose_ground_truth_candidates.py; independent of LightGlue/SIFT),independent visual review,2026-10-05,ch2_ohr_nrp_20240425T1209509264_d_img_d18,ch2_ohr_nrp_20240425T1406019344_d_img_d18,"canonical full-resolution input pixel coordinates (x=column, y=row); products loaded with max_dimension=4096",
OHRC_pair-11,ohrc_pair,211.2,1132.8,236.8,1196.8,0.97882,ACCEPTED,Harris+NCC proposal (scripts/propose_ground_truth_candidates.py; independent of LightGlue/SIFT),independent visual review,2026-10-05,ch2_ohr_nrp_20240425T1209509264_d_img_d18,ch2_ohr_nrp_20240425T1406019344_d_img_d18,"canonical full-resolution input pixel coordinates (x=column, y=row); products loaded with max_dimension=4096",
OHRC_pair-12,ohrc_pair,396.8,3577.6,384.0,3654.4,0.97862,ACCEPTED,Harris+NCC proposal (scripts/propose_ground_truth_candidates.py; independent of LightGlue/SIFT),independent visual review,2026-10-05,ch2_ohr_nrp_20240425T1209509264_d_img_d18,ch2_ohr_nrp_20240425T1406019344_d_img_d18,"canonical full-resolution input pixel coordinates (x=column, y=row); products loaded with max_dimension=4096",
OHRC_pair-13,ohrc_pair,102.4,1836.8,121.6,1900.8,0.9762,ACCEPTED,Harris+NCC proposal (scripts/propose_ground_truth_candidates.py; independent of LightGlue/SIFT),independent visual review,2026-10-05,ch2_ohr_nrp_20240425T1209509264_d_img_d18,ch2_ohr_nrp_20240425T1406019344_d_img_d18,"canonical full-resolution input pixel coordinates (x=column, y=row); products loaded with max_dimension=4096",striping on left third; terrain features correspond
OHRC_pair-14,ohrc_pair,102.4,2700.8,108.8,2771.2,0.97533,ACCEPTED,Harris+NCC proposal (scripts/propose_ground_truth_candidates.py; independent of LightGlue/SIFT),independent visual review,2026-10-05,ch2_ohr_nrp_20240425T1209509264_d_img_d18,ch2_ohr_nrp_20240425T1406019344_d_img_d18,"canonical full-resolution input pixel coordinates (x=column, y=row); products loaded with max_dimension=4096",striping on left 40%; dark slope feature corresponds
OHRC_pair-15,ohrc_pair,339.2,2784.0,339.2,2854.4,0.97391,ACCEPTED,Harris+NCC proposal (scripts/propose_ground_truth_candidates.py; independent of LightGlue/SIFT),independent visual review,2026-10-05,ch2_ohr_nrp_20240425T1209509264_d_img_d18,ch2_ohr_nrp_20240425T1406019344_d_img_d18,"canonical full-resolution input pixel coordinates (x=column, y=row); products loaded with max_dimension=4096",
OHRC_pair-16,ohrc_pair,108.8,512.0,147.2,582.4,0.96709,ACCEPTED,Harris+NCC proposal (scripts/propose_ground_truth_candidates.py; independent of LightGlue/SIFT),independent visual review,2026-10-05,ch2_ohr_nrp_20240425T1209509264_d_img_d18,ch2_ohr_nrp_20240425T1406019344_d_img_d18,"canonical full-resolution input pixel coordinates (x=column, y=row); products loaded with max_dimension=4096",striping on left 30%; dark crater anchor corresponds
OHRC_pair-17,ohrc_pair,320.0,217.6,364.8,288.0,0.96322,ACCEPTED,Harris+NCC proposal (scripts/propose_ground_truth_candidates.py; independent of LightGlue/SIFT),independent visual review,2026-10-05,ch2_ohr_nrp_20240425T1209509264_d_img_d18,ch2_ohr_nrp_20240425T1406019344_d_img_d18,"canonical full-resolution input pixel coordinates (x=column, y=row); products loaded with max_dimension=4096",
OHRC_pair-18,ohrc_pair,281.6,115.2,326.4,185.6,0.96189,ACCEPTED,Harris+NCC proposal (scripts/propose_ground_truth_candidates.py; independent of LightGlue/SIFT),independent visual review,2026-10-05,ch2_ohr_nrp_20240425T1209509264_d_img_d18,ch2_ohr_nrp_20240425T1406019344_d_img_d18,"canonical full-resolution input pixel coordinates (x=column, y=row); products loaded with max_dimension=4096",
OHRC_pair-19,ohrc_pair,435.2,2131.2,441.6,2201.6,0.95843,ACCEPTED,Harris+NCC proposal (scripts/propose_ground_truth_candidates.py; independent of LightGlue/SIFT),independent visual review,2026-10-05,ch2_ohr_nrp_20240425T1209509264_d_img_d18,ch2_ohr_nrp_20240425T1406019344_d_img_d18,"canonical full-resolution input pixel coordinates (x=column, y=row); products loaded with max_dimension=4096",
OHRC_pair-20,ohrc_pair,134.4,3251.2,128.0,3328.0,0.95186,ACCEPTED,Harris+NCC proposal (scripts/propose_ground_truth_candidates.py; independent of LightGlue/SIFT),independent visual review,2026-10-05,ch2_ohr_nrp_20240425T1209509264_d_img_d18,ch2_ohr_nrp_20240425T1406019344_d_img_d18,"canonical full-resolution input pixel coordinates (x=column, y=row); products loaded with max_dimension=4096",dense striping left 35%; crater field corresponds
