id,x_ref,y_ref,x_src,y_src,ncc,model_error_small_px,review_status
TMC2_fore_nadir-01,1926.4,1136.0,1926.4,1136.0,0.98866,1.78,ACCEPTED
TMC2_fore_nadir-02,972.8,1964.8,867.2,1987.2,0.98194,1.822,ACCEPTED
TMC2_fore_nadir-03,1193.6,947.2,1113.6,918.4,0.97956,2.378,ACCEPTED
TMC2_fore_nadir-04,1494.4,1571.2,1446.4,1584.0,0.97934,1.839,ACCEPTED
TMC2_fore_nadir-05,761.6,1731.2,633.6,1744.0,0.97761,0.958,ACCEPTED
TMC2_fore_nadir-06,412.8,1132.8,243.2,1104.0,0.97684,0.855,ACCEPTED
TMC2_fore_nadir-07,1584.0,1091.2,1545.6,1084.8,0.97385,0.62,ACCEPTED
TMC2_fore_nadir-08,528.0,947.2,374.4,908.8,0.97282,0.477,ACCEPTED
TMC2_fore_nadir-09,953.6,768.0,848.0,729.6,0.9708,0.95,ACCEPTED
TMC2_fore_nadir-10,886.4,1660.8,771.2,1676.8,0.97048,2.174,ACCEPTED
TMC2_fore_nadir-11,883.2,425.6,768.0,368.0,0.96676,1.275,ACCEPTED
TMC2_fore_nadir-12,1385.6,224.0,1324.8,169.6,0.96655,1.125,ACCEPTED
TMC2_fore_nadir-13,860.8,1785.6,742.4,1801.6,0.96578,0.217,ACCEPTED
TMC2_fore_nadir-14,1808.0,1225.6,1795.2,1225.6,0.96478,2.346,ACCEPTED
TMC2_fore_nadir-15,694.4,1251.2,560.0,1232.0,0.96465,0.768,ACCEPTED
TMC2_fore_nadir-16,857.6,803.2,739.2,768.0,0.96325,0.422,ACCEPTED
TMC2_fore_nadir-17,1721.6,1417.6,1699.2,1430.4,0.96093,0.93,ACCEPTED
TMC2_fore_nadir-18,1254.4,217.6,1180.8,166.4,0.96058,0.98,ACCEPTED
TMC2_fore_nadir-19,1574.4,1395.2,1536.0,1401.6,0.95846,1.413,ACCEPTED
TMC2_fore_nadir-20,652.8,812.8,512.0,777.6,0.95772,1.717,ACCEPTED
