id,x_ref,y_ref,x_src,y_src
G11,90.000000,90.000000,91.406445,89.191841
G12,270.000000,90.000000,271.404732,89.977237
G13,450.000000,90.000000,451.403018,90.762632
G14,630.000000,90.000000,631.401305,91.548028
G15,810.000000,90.000000,811.399592,92.333424
G21,90.000000,270.000000,90.621050,269.190128
G22,270.000000,270.000000,270.619336,269.975523
G23,450.000000,270.000000,450.617623,270.760919
G24,630.000000,270.000000,630.615909,271.546315
G25,810.000000,270.000000,810.614196,272.331710
G31,90.000000,450.000000,89.835654,449.188414
G32,270.000000,450.000000,269.833941,449.973810
G33,450.000000,450.000000,449.832227,450.759206
G34,630.000000,450.000000,629.830514,451.544601
G35,810.000000,450.000000,809.828800,452.329997
G41,90.000000,630.000000,89.050258,629.186701
G42,270.000000,630.000000,269.048545,629.972096
G43,450.000000,630.000000,449.046831,630.757492
G44,630.000000,630.000000,629.045118,631.542888
G45,810.000000,630.000000,809.043405,632.328283
G51,90.000000,810.000000,88.264863,809.184987
G52,270.000000,810.000000,268.263149,809.970383
G53,450.000000,810.000000,448.261436,810.755779
G54,630.000000,810.000000,628.259722,811.541174
G55,810.000000,810.000000,808.258009,812.326570
