pair_id,sensor,strip,window_x,terrain_note,window_y,crop_size,reference_product,source_product,reference_crop,source_crop,source_window_x,source_window_y,mapping_method,mapping_seed
ohrc_01,OHRC,OHRC 12:09:50Z → 14:06:01Z,593,south-polar highlands; cratered surface with prominent shadowed crater rims (visual only; no DEM label),1010,2048,ch2_ohr_nrp_20240425T1209509264_d_img_d18,ch2_ohr_nrp_20240425T1406019344_d_img_d18,data/benchmark_crops/ohrc_01_reference.png,data/benchmark_crops/ohrc_01_source.png,1630,2349,browse-image SIFT ratio matches + affine RANSAC; 10x browse-to-strip scale,20261005
ohrc_02,OHRC,OHRC 12:09:50Z → 14:06:01Z,2094,south-polar highlands; rough cratered relief and shadowed massif/ridge-like slopes (visual only),17001,2048,ch2_ohr_nrp_20240425T1209509264_d_img_d18,ch2_ohr_nrp_20240425T1406019344_d_img_d18,data/benchmark_crops/ohrc_02_reference.png,data/benchmark_crops/ohrc_02_source.png,2887,18452,browse-image SIFT ratio matches + affine RANSAC; 10x browse-to-strip scale,20261005
ohrc_03,OHRC,OHRC 12:09:50Z → 14:06:01Z,3685,"south-polar highlands; densely cratered, hummocky relief (visual only)",32982,2048,ch2_ohr_nrp_20240425T1209509264_d_img_d18,ch2_ohr_nrp_20240425T1406019344_d_img_d18,data/benchmark_crops/ohrc_03_reference.png,data/benchmark_crops/ohrc_03_source.png,4235,34547,browse-image SIFT ratio matches + affine RANSAC; 10x browse-to-strip scale,20261005
ohrc_04,OHRC,OHRC 12:09:50Z → 14:06:01Z,5311,south-polar highlands; inter-crater terrain with clustered small craters (visual only),49009,2048,ch2_ohr_nrp_20240425T1209509264_d_img_d18,ch2_ohr_nrp_20240425T1406019344_d_img_d18,data/benchmark_crops/ohrc_04_reference.png,data/benchmark_crops/ohrc_04_source.png,5617,50688,browse-image SIFT ratio matches + affine RANSAC; 10x browse-to-strip scale,20261005
ohrc_05,OHRC,OHRC 12:09:50Z → 14:06:01Z,6877,south-polar highlands; mixed crater sizes and low-sun shadows (visual only),64981,2048,ch2_ohr_nrp_20240425T1209509264_d_img_d18,ch2_ohr_nrp_20240425T1406019344_d_img_d18,data/benchmark_crops/ohrc_05_reference.png,data/benchmark_crops/ohrc_05_source.png,6939,66773,browse-image SIFT ratio matches + affine RANSAC; 10x browse-to-strip scale,20261005
ohrc_06,OHRC,OHRC 12:09:50Z → 14:06:01Z,8483,south-polar highlands; prominent shadowed crater and rugged rim relief (visual only),81021,2048,ch2_ohr_nrp_20240425T1209509264_d_img_d18,ch2_ohr_nrp_20240425T1406019344_d_img_d18,data/benchmark_crops/ohrc_06_reference.png,data/benchmark_crops/ohrc_06_source.png,8301,82927,browse-image SIFT ratio matches + affine RANSAC; 10x browse-to-strip scale,20261005
tmc2_01,TMC-2,TMC-2 fore → nadir,294,south-polar highlands; large shadowed crater walls and rugged relief (visual only; no DEM label),53010,2048,ch2_tmc_ncf_20231101T0125121344_d_img_d18,ch2_tmc_ncn_20231101T0125121377_d_img_d18,data/benchmark_crops/tmc2_01_reference.png,data/benchmark_crops/tmc2_01_source.png,114,61015,browse-image SIFT ratio matches + affine RANSAC; 10x browse-to-strip scale,20261005
tmc2_02,TMC-2,TMC-2 fore → nadir,744,south-polar highlands; cratered surface with broad shadowed relief (visual only),76023,2048,ch2_tmc_ncf_20231101T0125121344_d_img_d18,ch2_tmc_ncn_20231101T0125121377_d_img_d18,data/benchmark_crops/tmc2_02_reference.png,data/benchmark_crops/tmc2_02_source.png,621,84124,browse-image SIFT ratio matches + affine RANSAC; 10x browse-to-strip scale,20261005
tmc2_03,TMC-2,TMC-2 fore → nadir,1204,south-polar highlands; large shadowed crater and cratered surroundings (visual only),99017,2048,ch2_tmc_ncf_20231101T0125121344_d_img_d18,ch2_tmc_ncn_20231101T0125121377_d_img_d18,data/benchmark_crops/tmc2_03_reference.png,data/benchmark_crops/tmc2_03_source.png,1137,107214,browse-image SIFT ratio matches + affine RANSAC; 10x browse-to-strip scale,20261005
tmc2_04,TMC-2,TMC-2 fore → nadir,1802,south-polar highlands; crater rim and rugged inter-crater relief (visual only),122013,2048,ch2_tmc_ncf_20231101T0125121344_d_img_d18,ch2_tmc_ncn_20231101T0125121377_d_img_d18,data/benchmark_crops/tmc2_04_reference.png,data/benchmark_crops/tmc2_04_source.png,1793,130305,browse-image SIFT ratio matches + affine RANSAC; 10x browse-to-strip scale,20261005
tmc2_05,TMC-2,TMC-2 fore → nadir,921,south-polar highlands; densely cratered inter-crater terrain (visual only),145000,2048,ch2_tmc_ncf_20231101T0125121344_d_img_d18,ch2_tmc_ncn_20231101T0125121377_d_img_d18,data/benchmark_crops/tmc2_05_reference.png,data/benchmark_crops/tmc2_05_source.png,963,153391,browse-image SIFT ratio matches + affine RANSAC; 10x browse-to-strip scale,20261005
tmc2_06,TMC-2,TMC-2 fore → nadir,1190,south-polar highlands; isolated crater with shadowed rim relief (visual only),167976,2048,ch2_tmc_ncf_20231101T0125121344_d_img_d18,ch2_tmc_ncn_20231101T0125121377_d_img_d18,data/benchmark_crops/tmc2_06_reference.png,data/benchmark_crops/tmc2_06_source.png,1288,176464,browse-image SIFT ratio matches + affine RANSAC; 10x browse-to-strip scale,20261005
