pair,arm,rmse_gate_px,verdict,inliers,engine,deform_applied,manifest_loftr_rmse
W0,default,2.3113724020083186,COARSE_ADVISORY,10,SIFT + Brute-Force (RANSAC fallback),False,1.402
W0,matchanything,2.3113724020083186,COARSE_ADVISORY,10,SIFT + Brute-Force (RANSAC fallback),False,1.402
W0,anymatch,2.3113724020083186,COARSE_ADVISORY,10,SIFT + Brute-Force (RANSAC fallback),False,1.402
W1,default,ERROR,ERROR:ValueError,-1,?,,1.688
W1,matchanything,2.2946308227957686,COARSE_ADVISORY,35,matchanything_eloftr,False,1.688
W1,anymatch,ERROR,ERROR:ValueError,-1,?,,1.688
W2,default,0.0,DEGENERATE_FAILURE,8,?,False,1.57
W2,matchanything,1.3987889603489743,COARSE_ADVISORY,45,matchanything_eloftr,False,1.57
W2,anymatch,0.0,DEGENERATE_FAILURE,8,?,False,1.57
W3,default,ERROR,ERROR:ValueError,-1,?,,1.665
W3,matchanything,1.3738446697441375,COARSE_ADVISORY,60,matchanything_eloftr,True,1.665
W3,anymatch,ERROR,ERROR:ValueError,-1,?,,1.665
W4,default,ERROR,ERROR:ValueError,-1,?,,1.31
W4,matchanything,0.8082182941791793,COARSE_ADVISORY,25,matchanything_eloftr,False,1.31
W4,anymatch,ERROR,ERROR:ValueError,-1,?,,1.31
W5,default,0.0,DEGENERATE_FAILURE,7,?,False,1.632
W5,matchanything,1.2038211830380992,COARSE_ADVISORY,8,matchanything_eloftr,True,1.632
W5,anymatch,0.0,DEGENERATE_FAILURE,7,?,False,1.632
N1,default,ERROR,ERROR:ValueError,-1,?,,1.561
N1,matchanything,1.4484993923482163,COARSE_ADVISORY,59,matchanything_eloftr,True,1.561
N1,anymatch,ERROR,ERROR:ValueError,-1,?,,1.561
N2,default,ERROR,ERROR:ValueError,-1,?,,1.807
N2,matchanything,0.7196870533224086,DEGENERATE_FAILURE,5,?,False,1.807
N2,anymatch,ERROR,ERROR:ValueError,-1,?,,1.807
N3,default,ERROR,ERROR:ValueError,-1,?,,1.666
N3,matchanything,1.460245992178688,COARSE_ADVISORY,55,matchanything_eloftr,True,1.666
N3,anymatch,ERROR,ERROR:ValueError,-1,?,,1.666
N4,default,ERROR,ERROR:ValueError,-1,?,,1.788
N4,matchanything,1.0282924017078983,COARSE_ADVISORY,34,matchanything_eloftr,True,1.788
N4,anymatch,ERROR,ERROR:ValueError,-1,?,,1.788
N5,default,0.0,DEGENERATE_FAILURE,5,?,False,1.663
N5,matchanything,3.6358969567929162,DEGENERATE_FAILURE,15,?,False,1.663
N5,anymatch,0.0,DEGENERATE_FAILURE,5,?,False,1.663
N6,default,ERROR,ERROR:ValueError,-1,?,,1.736
N6,matchanything,2.24154737199977,COARSE_ADVISORY,11,matchanything_eloftr,False,1.736
N6,anymatch,ERROR,ERROR:ValueError,-1,?,,1.736
N7,default,ERROR,ERROR:ValueError,-1,?,,1.651
N7,matchanything,1.51183504151847,COARSE_ADVISORY,13,matchanything_eloftr,True,1.651
N7,anymatch,ERROR,ERROR:ValueError,-1,?,,1.651
N8,default,ERROR,ERROR:ValueError,-1,?,,1.514
N8,matchanything,1.780514202159797,COARSE_ADVISORY,43,matchanything_eloftr,True,1.514
N8,anymatch,ERROR,ERROR:ValueError,-1,?,,1.514
N9,default,ERROR,ERROR:ValueError,-1,?,,1.469
N9,matchanything,1.6491268992215125,COARSE_ADVISORY,8,matchanything_eloftr,True,1.469
N9,anymatch,ERROR,ERROR:ValueError,-1,?,,1.469
N10,default,ERROR,ERROR:ValueError,-1,?,,1.564
N10,matchanything,1.8195318177516777,COARSE_ADVISORY,12,matchanything_eloftr,False,1.564
N10,anymatch,ERROR,ERROR:ValueError,-1,?,,1.564
N12,default,ERROR,ERROR:ValueError,-1,?,,0.992
N12,matchanything,2.114187017800302,COARSE_ADVISORY,10,matchanything_eloftr,False,0.992
N12,anymatch,ERROR,ERROR:ValueError,-1,?,,0.992
N13,default,1.4527970870329818,DEGENERATE_FAILURE,11,?,False,1.465
N13,matchanything,4.0194366942304644e-14,DEGENERATE_FAILURE,2,?,False,1.465
N13,anymatch,1.4527970870329818,DEGENERATE_FAILURE,11,?,False,1.465
N14,default,ERROR,ERROR:ValueError,-1,?,,1.456
N14,matchanything,0.5847340764556098,DEGENERATE_FAILURE,3,?,False,1.456
N14,anymatch,ERROR,ERROR:ValueError,-1,?,,1.456
