pair,pixel_scale_m,flag,status_code,n_inliers,rmse_in_sample_px,rmse_gate_px,entropy,quadrants,quadrant_counts,df_applied,df_reason,df_lambda,df_heldout_px,df_min_jac_det,warp_export_kind,pair_description,reference_product,source_product
tmc2_01,5.0,off,COARSE_ADVISORY,12,1.6261732979777173,2.3090095127171697,1.4833557549816874,3,"[5, 2, 0, 5]",False,flag_off,,,,affine,south-polar highlands; large shadowed crater walls and rugged relief (visual only; no DEM label),ch2_tmc_ncf_20231101T0125121344_d_img_d18,ch2_tmc_ncn_20231101T0125121377_d_img_d18
tmc2_01,5.0,on,SUCCESS_SUBPIXEL,23,1.4218027482569078,0.46316175272142257,1.7599305295640906,4,"[4, 11, 2, 6]",True,,0.1,0.46316175272142257,0.7874107724298419,field_remap,south-polar highlands; large shadowed crater walls and rugged relief (visual only; no DEM label),ch2_tmc_ncf_20231101T0125121344_d_img_d18,ch2_tmc_ncn_20231101T0125121377_d_img_d18
tmc2_02,5.0,off,COARSE_ADVISORY,14,1.836428435027659,1.8644392711994575,1.2958363892911637,3,"[7, 0, 6, 1]",False,flag_off,,,,affine,south-polar highlands; cratered surface with broad shadowed relief (visual only),ch2_tmc_ncf_20231101T0125121344_d_img_d18,ch2_tmc_ncn_20231101T0125121377_d_img_d18
tmc2_02,5.0,on,COARSE_ADVISORY,9,1.1647345760000014,0.5386774904914897,0.7642045065086203,2,"[7, 2, 0, 0]",True,,0.1,0.5386774904914897,0.792182210834667,field_remap,south-polar highlands; cratered surface with broad shadowed relief (visual only),ch2_tmc_ncf_20231101T0125121344_d_img_d18,ch2_tmc_ncn_20231101T0125121377_d_img_d18
tmc2_03,5.0,off,DEGENERATE_FAILURE,6,1.6287125802111104,8.405646082859558,0.9182958340544896,2,"[0, 0, 2, 4]",False,flag_off,,,,,south-polar highlands; large shadowed crater and cratered surroundings (visual only),ch2_tmc_ncf_20231101T0125121344_d_img_d18,ch2_tmc_ncn_20231101T0125121377_d_img_d18
tmc2_03,5.0,on,DEGENERATE_FAILURE,22,1.3712014385089009,0.9981331315485255,0.0,1,"[0, 0, 22, 0]",True,,0.1,0.9981331315485255,0.8559270942762156,,south-polar highlands; large shadowed crater and cratered surroundings (visual only),ch2_tmc_ncf_20231101T0125121344_d_img_d18,ch2_tmc_ncn_20231101T0125121377_d_img_d18
tmc2_04,5.0,off,DEGENERATE_FAILURE,7,1.3781827570221576,1.7176743890034538,0.9852281360342515,2,"[0, 4, 0, 3]",False,flag_off,,,,,south-polar highlands; crater rim and rugged inter-crater relief (visual only),ch2_tmc_ncf_20231101T0125121344_d_img_d18,ch2_tmc_ncn_20231101T0125121377_d_img_d18
tmc2_04,5.0,on,COARSE_ADVISORY,10,1.6250842029810837,0.24573730035828253,0.9709505944546686,2,"[0, 4, 0, 6]",True,,0.1,0.24573730035828253,0.8862478441061011,field_remap,south-polar highlands; crater rim and rugged inter-crater relief (visual only),ch2_tmc_ncf_20231101T0125121344_d_img_d18,ch2_tmc_ncn_20231101T0125121377_d_img_d18
tmc2_05,5.0,off,DEGENERATE_FAILURE,8,1.5159019623394914,3.030744634051634,0.954434002924965,2,"[0, 0, 3, 5]",False,flag_off,,,,,south-polar highlands; densely cratered inter-crater terrain (visual only),ch2_tmc_ncf_20231101T0125121344_d_img_d18,ch2_tmc_ncn_20231101T0125121377_d_img_d18
tmc2_05,5.0,on,COARSE_ADVISORY,11,1.1334206402965608,0.5856137519639264,0.9940302114769565,2,"[0, 0, 6, 5]",True,,0.1,0.5856137519639264,0.8475475376527161,field_remap,south-polar highlands; densely cratered inter-crater terrain (visual only),ch2_tmc_ncf_20231101T0125121344_d_img_d18,ch2_tmc_ncn_20231101T0125121377_d_img_d18
tmc2_06,5.0,off,COARSE_ADVISORY,9,1.3262592281293728,1.8001780877363727,1.4355205042826666,3,"[0, 2, 5, 2]",False,flag_off,,,,affine,south-polar highlands; isolated crater with shadowed rim relief (visual only),ch2_tmc_ncf_20231101T0125121344_d_img_d18,ch2_tmc_ncn_20231101T0125121377_d_img_d18
tmc2_06,5.0,on,SUCCESS_SUBPIXEL,23,1.49776628655747,0.4151138785321129,1.6309826076665428,4,"[6, 4, 1, 12]",True,,0.1,0.4151138785321129,0.8820028364811079,field_remap,south-polar highlands; isolated crater with shadowed rim relief (visual only),ch2_tmc_ncf_20231101T0125121344_d_img_d18,ch2_tmc_ncn_20231101T0125121377_d_img_d18
