pair,quota,flag,status_code,n_inliers,rmse_in_sample_px,rmse_gate_px,rmse_heldout_px,gate_basis,n_kp_ref,n_kp_sec,n_lowe_matches,n_hook_ransac_inliers,df_applied,df_reason,df_lambda,df_rmse_before_px,df_rmse_after_px,df_heldout_px,rot_deg,scale_s,engine,elapsed_s,peak_rss_mb
ohrc_01,64,off,COARSE_ADVISORY,19,1.3920166997869168,1.6445072993342726,1.6445072993342726,held-out,1024,1024,550,,False,flag_off,,,,,-0.9863298093554601,1.0020803195856225,SIFT + Brute-Force (RANSAC fallback),21.7,1138.0
ohrc_01,64,on,COARSE_ADVISORY,14,1.150638827101561,0.613196902786807,0.613196902786807,held-out (deform-field stage internal stride 80/20 split),1024,1024,550,99,True,,0.1,1.5211311347078817,0.4829872714299712,0.613196902786807,-0.9703926956902383,1.0015966658168929,SIFT + Brute-Force (RANSAC fallback),17.2,1218.1
ohrc_01,128,off,DEGENERATE_FAILURE,20,1.676080845801665,2.94741963835363,2.94741963835363,held-out,2048,2048,1180,,False,flag_off,,,,,,,SIFT + Brute-Force (RANSAC fallback),17.0,1218.1
ohrc_01,128,on,COARSE_ADVISORY,19,1.1077723061747544,0.5330693897923251,0.5330693897923251,held-out (deform-field stage internal stride 80/20 split),2048,2048,1180,186,True,,0.1,1.5203932459239302,0.46338091900754125,0.5330693897923251,-0.9993395606148797,1.0020808567541017,SIFT + Brute-Force (RANSAC fallback),16.8,1218.1
ohrc_01,256,off,COARSE_ADVISORY,19,1.6396791178183083,1.4278516740386495,1.4278516740386495,held-out,4096,4096,2508,,False,flag_off,,,,,-1.0853584758781412,1.005407724253874,SIFT + Brute-Force (RANSAC fallback),18.6,1218.1
ohrc_01,256,on,SUCCESS_SUBPIXEL,14,1.6493285546556244,0.4801119034146247,0.4801119034146247,held-out (deform-field stage internal stride 80/20 split),4096,4096,2508,381,True,,0.1,1.8571391670654203,0.3950898425270874,0.4801119034146247,-0.8491542586548254,1.019639241358312,SIFT + Brute-Force (RANSAC fallback),18.6,1218.1
ohrc_01,1000000000,off,COARSE_ADVISORY,15,1.3798913035909401,2.2573993084109083,2.2573993084109083,held-out,10000,10000,6304,,False,flag_off,,,,,-1.131616936362605,1.0073962928848685,SIFT + Brute-Force (RANSAC fallback),26.4,1218.1
ohrc_01,1000000000,on,SUCCESS_SUBPIXEL,17,1.272227952194382,0.43119122884393546,0.43119122884393546,held-out (deform-field stage internal stride 80/20 split),10000,10000,6304,962,True,,0.1,1.7300896413430489,0.4101727907989612,0.43119122884393546,-0.9770911284829651,1.0014923492453809,SIFT + Brute-Force (RANSAC fallback),26.1,1218.1
ohrc_02,64,off,COARSE_ADVISORY,16,1.2537114490585528,1.3040864879540923,1.3040864879540923,held-out,1024,1024,795,,False,flag_off,,,,,-1.1809726642917995,1.0039776767474504,SIFT + Brute-Force (RANSAC fallback),17.4,1232.9
ohrc_02,64,on,COARSE_ADVISORY,23,1.2389163091473299,0.824388067211223,0.824388067211223,held-out (deform-field stage internal stride 80/20 split),1024,1024,795,282,True,,0.1,1.7730843347600944,0.5407995510003099,0.824388067211223,-1.1446033070189214,1.0043381570722392,SIFT + Brute-Force (RANSAC fallback),17.1,1232.9
ohrc_02,128,off,COARSE_ADVISORY,16,1.3647339105331955,1.996673300475933,1.996673300475933,held-out,2048,2048,1584,,False,flag_off,,,,,-1.111770667531876,1.0049420469010908,SIFT + Brute-Force (RANSAC fallback),17.1,1232.9
ohrc_02,128,on,COARSE_ADVISORY,25,1.2902752159038695,0.5819462118876402,0.5819462118876402,held-out (deform-field stage internal stride 80/20 split),2048,2048,1584,533,True,,0.1,1.5739081506845958,0.4562095315036299,0.5819462118876402,-1.1381887575251366,1.0064639876740418,SIFT + Brute-Force (RANSAC fallback),17.4,1232.9
ohrc_02,256,off,COARSE_ADVISORY,14,0.9763077002283074,1.2372398834778715,1.2372398834778715,held-out,4096,4096,3231,,False,flag_off,,,,,-1.1313200894383322,1.0061133578867372,SIFT + Brute-Force (RANSAC fallback),19.9,1232.9
ohrc_02,256,on,SUCCESS_SUBPIXEL,31,1.3176609302073135,0.4653353413562912,0.4653353413562912,held-out (deform-field stage internal stride 80/20 split),4096,4096,3231,1047,True,,0.1,1.6866202708128581,0.44354869812429204,0.4653353413562912,-1.166250917960148,1.0054690064654297,SIFT + Brute-Force (RANSAC fallback),21.4,1232.9
ohrc_02,1000000000,off,COARSE_ADVISORY,12,1.240189006556162,1.9400389126655553,1.9400389126655553,held-out,10000,10000,7817,,False,flag_off,,,,,-1.1272492499872562,1.0055401371138681,SIFT + Brute-Force (RANSAC fallback),25.5,1232.9
ohrc_02,1000000000,on,SUCCESS_SUBPIXEL,23,0.9157541458548937,0.468730477659097,0.468730477659097,held-out (deform-field stage internal stride 80/20 split),10000,10000,7817,2547,True,,0.1,1.6460061885471104,0.41307711742076825,0.468730477659097,-1.1458597286740664,1.0063687529749448,SIFT + Brute-Force (RANSAC fallback),49.7,1232.9
ohrc_03,64,off,COARSE_ADVISORY,14,1.2919942105482436,1.1020794072232387,1.1020794072232387,held-out,1024,1024,729,,False,flag_off,,,,,-1.1121717239219957,1.0107315156343888,SIFT + Brute-Force (RANSAC fallback),16.5,1232.9
ohrc_03,64,on,COARSE_ADVISORY,13,1.383181912676569,0.589354181616821,0.589354181616821,held-out (deform-field stage internal stride 80/20 split),1024,1024,729,169,True,,0.1,1.5492909549197182,0.3353738093920153,0.589354181616821,-1.0034666800133454,1.0047914890422072,SIFT + Brute-Force (RANSAC fallback),18.0,1232.9
ohrc_03,128,off,COARSE_ADVISORY,10,0.9944357287844933,1.198355731931473,1.198355731931473,held-out,2048,2048,1524,,False,flag_off,,,,,-1.1220737100191314,1.0062082261723255,SIFT + Brute-Force (RANSAC fallback),17.7,1232.9
ohrc_03,128,on,SUCCESS_SUBPIXEL,18,1.2810563351367374,0.40779178063805976,0.40779178063805976,held-out (deform-field stage internal stride 80/20 split),2048,2048,1524,331,True,,0.1,1.6984687883562433,0.3711236517397411,0.40779178063805976,-0.8606165953180084,1.004368132073475,SIFT + Brute-Force (RANSAC fallback),17.4,1232.9
ohrc_03,256,off,COARSE_ADVISORY,22,1.4561480691481885,1.5716300056259853,1.5716300056259853,held-out,4096,4096,3213,,False,flag_off,,,,,-1.1249176126825455,1.0072252119472622,SIFT + Brute-Force (RANSAC fallback),18.9,1232.9
ohrc_03,256,on,SUCCESS_SUBPIXEL,18,1.4371760570645857,0.36837142372486303,0.36837142372486303,held-out (deform-field stage internal stride 80/20 split),4096,4096,3213,701,True,,0.1,1.8074230632215469,0.32783171279563217,0.36837142372486303,-1.0871458749871221,1.0060068082777571,SIFT + Brute-Force (RANSAC fallback),19.2,1232.9
ohrc_03,1000000000,off,COARSE_ADVISORY,20,1.6735102063494935,2.0161825219781147,2.0161825219781147,held-out,10000,10000,7815,,False,flag_off,,,,,-1.1300716646621145,1.0065460481251052,SIFT + Brute-Force (RANSAC fallback),26.0,1232.9
ohrc_03,1000000000,on,SUCCESS_SUBPIXEL,20,1.1568517533870226,0.3427148247534454,0.3427148247534454,held-out (deform-field stage internal stride 80/20 split),10000,10000,7815,1707,True,,0.1,1.6321631700882016,0.31687806432231475,0.3427148247534454,-1.0370579089051366,1.0048035463784954,SIFT + Brute-Force (RANSAC fallback),36.5,1232.9
ohrc_05,64,off,COARSE_ADVISORY,10,1.5645394104730177,2.054915611869818,2.054915611869818,held-out,1024,1024,634,,False,flag_off,,,,,-1.2307139807726175,1.006529698860236,SIFT + Brute-Force (RANSAC fallback),17.7,1232.9
ohrc_05,64,on,COARSE_ADVISORY,20,1.65951350973774,0.7961979063844489,0.7961979063844489,held-out (deform-field stage internal stride 80/20 split),1024,1024,634,57,True,,0.1,1.8707854893377103,0.5073831342521063,0.7961979063844489,-3.0064624036654384,1.0012772512704753,SIFT + Brute-Force (RANSAC fallback),16.8,1232.9
ohrc_05,128,off,COARSE_ADVISORY,8,0.9810859971368328,1.730226328285282,1.730226328285282,held-out,2048,2048,1301,,False,flag_off,,,,,-2.4348439490369977,1.0562370153002343,SIFT + Brute-Force (RANSAC fallback),18.3,1232.9
ohrc_05,128,on,COARSE_ADVISORY,26,1.46752194272855,1.129464766697698,1.129464766697698,held-out (deform-field stage internal stride 80/20 split),2048,2048,1301,101,True,,0.1,1.834289990793099,0.5576971170742263,1.129464766697698,-1.54134234632192,1.0005824662541698,SIFT + Brute-Force (RANSAC fallback),17.3,1232.9
ohrc_05,256,off,DEGENERATE_FAILURE,11,1.7705818645523077,2.870826653160503,2.870826653160503,held-out,4096,4096,2647,,False,flag_off,,,,,,,SIFT + Brute-Force (RANSAC fallback),18.1,1232.9
ohrc_05,256,on,COARSE_ADVISORY,19,1.2566303405675627,0.5828215460087642,0.5828215460087642,held-out (deform-field stage internal stride 80/20 split),4096,4096,2647,202,True,,0.1,1.8467703605887962,0.5052490528459131,0.5828215460087642,-1.2981934140235751,1.004553282890853,SIFT + Brute-Force (RANSAC fallback),17.5,1232.9
ohrc_05,1000000000,off,COARSE_ADVISORY,8,1.1993105615853368,1.240871430141654,1.240871430141654,held-out,10000,10000,6493,,False,flag_off,,,,,-3.7116756376674576,0.9928852057231624,SIFT + Brute-Force (RANSAC fallback),26.9,1232.9
ohrc_05,1000000000,on,COARSE_ADVISORY,20,1.3559519100175812,0.5313775614280176,0.5313775614280176,held-out (deform-field stage internal stride 80/20 split),10000,10000,6493,504,True,,0.1,1.7651794636470444,0.46820435283580714,0.5313775614280176,-1.1962943545572993,1.0065723843015557,SIFT + Brute-Force (RANSAC fallback),24.7,1232.9
tmc2_04,64,off,DEGENERATE_FAILURE,7,1.3781827570221576,1.7176743890034538,1.7176743890034538,held-out,1024,1024,606,,False,flag_off,,,,,,,SIFT + Brute-Force (RANSAC fallback),16.5,1232.9
tmc2_04,64,on,SUCCESS_SUBPIXEL,8,0.9676632862892748,0.4654307472939703,0.4654307472939703,held-out (deform-field stage internal stride 80/20 split),1024,1024,606,34,True,,0.1,1.8421842683035654,0.4420099362889345,0.4654307472939703,2.7424635325347513,0.9636769980973086,SIFT + Brute-Force (RANSAC fallback),16.6,1232.9
tmc2_04,128,off,COARSE_ADVISORY,8,1.9468523840314942,2.4004514132705395,2.4004514132705395,held-out,2048,2006,1261,,False,flag_off,,,,,-1.3777416104437628,0.9020458141695069,SIFT + Brute-Force (RANSAC fallback),18.2,1232.9
tmc2_04,128,on,COARSE_ADVISORY,19,1.6939065673830436,0.4475954174114928,0.4475954174114928,held-out (deform-field stage internal stride 80/20 split),2048,2006,1261,68,True,,0.1,2.0300325803822856,0.3454723550343497,0.4475954174114928,0.6363016222724013,0.9994037495302492,SIFT + Brute-Force (RANSAC fallback),16.8,1232.9
tmc2_04,256,off,COARSE_ADVISORY,8,1.377410061243002,2.2643511161413685,2.2643511161413685,held-out,3800,3774,2481,,False,flag_off,,,,,-0.30026293971527207,0.9001537059752684,SIFT + Brute-Force (RANSAC fallback),19.3,1232.9
tmc2_04,256,on,COARSE_ADVISORY,15,1.2870830945699114,0.42643980106022683,0.42643980106022683,held-out (deform-field stage internal stride 80/20 split),3800,3774,2481,128,True,,0.1,1.7820243952334678,0.33576299150620753,0.42643980106022683,0.6700541391137017,0.9992635728262995,SIFT + Brute-Force (RANSAC fallback),17.2,1232.9
tmc2_04,1000000000,off,COARSE_ADVISORY,9,1.3416765969355744,2.3930068834197034,2.3930068834197034,held-out,10000,10000,6807,,False,flag_off,,,,,-0.5243930637172434,0.9000383967175656,SIFT + Brute-Force (RANSAC fallback),25.2,1232.9
tmc2_04,1000000000,on,COARSE_ADVISORY,10,1.6250842029810837,0.24573730035828253,0.24573730035828253,held-out (deform-field stage internal stride 80/20 split),10000,10000,6807,440,True,,0.1,1.8717970243580633,0.31052340266466605,0.24573730035828253,0.553694562953921,0.9970766971011644,SIFT + Brute-Force (RANSAC fallback),23.5,1232.9
