azimuth_deg,elevation_deg,correspondences,inliers,rmse_px,verdict,runtime_s
0,15,0,0,inf,DEGENERATE_NO_FEATURES,0.1468822956085205
90,15,0,0,inf,DEGENERATE_FEW_MATCHES,0.10812067985534668
180,15,0,0,inf,DEGENERATE_NO_FEATURES,0.1019744873046875
270,15,0,0,inf,DEGENERATE_NO_FEATURES,0.0973958969116211
90,30,1,0,inf,DEGENERATE_FEW_MATCHES,0.10072946548461914
180,30,0,0,inf,DEGENERATE_FEW_MATCHES,0.09840559959411621
270,30,0,0,inf,DEGENERATE_FEW_MATCHES,0.09933948516845703
0,45,11,10,0.15212916438247354,ACCEPT,0.10492372512817383
90,45,0,0,inf,DEGENERATE_FEW_MATCHES,0.09979748725891113
180,45,0,0,inf,DEGENERATE_FEW_MATCHES,0.0995633602142334
270,45,0,0,inf,DEGENERATE_FEW_MATCHES,0.09993124008178711
0,60,8,8,0.25422596663974184,ACCEPT,0.10214519500732422
90,60,0,0,inf,DEGENERATE_FEW_MATCHES,0.10036587715148926
180,60,0,0,inf,DEGENERATE_FEW_MATCHES,0.1390833854675293
270,60,0,0,inf,DEGENERATE_FEW_MATCHES,0.11128640174865723
