pair_id,sensor,matcher,verdict_before,verdict_after,rmse_heldout_before,rmse_heldout_after,quadrants_before,quadrants_after,runtime_before_s,runtime_after_s,correspondences_before,correspondences_after,inliers_before,inliers_after,entropy_before,entropy_after,final_engine_before,final_engine_after,secondary_fallback_before,secondary_fallback_after
ohrc_01,OHRC,LightGlue_ALIKED,COARSE_ADVISORY,COARSE_ADVISORY,1.1578755462318073,1.6742994560250328,"4/4 (4,5,4,4)","4/4 (1,6,4,6)",19.41349300002912,3.4532,1280,546,17,17,1.9927781074599387,1.7921951936824647,LightGlue/ALIKED,LightGlue/ALIKED,False,False
ohrc_01,OHRC,SIFT_RANSAC,COARSE_ADVISORY,COARSE_ADVISORY,1.4202721183791562,0.8945154505402878,"3/4 (0,5,3,1)","4/4 (1,5,3,6)",6.936135000025388,6.9978,105,566,9,15,1.3516441151533922,1.781937063546704,SIFT + Brute-Force (RANSAC fallback),SIFT + Brute-Force (RANSAC fallback),False,False
ohrc_02,OHRC,LightGlue_ALIKED,DEGENERATE_FAILURE,COARSE_ADVISORY,3.3273706328254073,1.172953650827721,"4/4 (2,1,5,2)","3/4 (2,0,9,5)",3.1051325000007637,3.0192,1757,751,10,16,1.7609640474436812,1.3663146570363986,LightGlue_ALIKED,LightGlue/ALIKED,False,False
ohrc_02,OHRC,SIFT_RANSAC,COARSE_ADVISORY,COARSE_ADVISORY,1.6817569884741848,1.14818636146691,"3/4 (2,0,14,5)","2/4 (0,0,8,5)",6.9858927999739535,6.9797,148,767,21,13,1.2060026902433665,0.9612366047228759,SIFT + Brute-Force (RANSAC fallback),SIFT + Brute-Force (RANSAC fallback),False,False
ohrc_03,OHRC,LightGlue_ALIKED,COARSE_ADVISORY,DEGENERATE_FAILURE,2.4457334653800724,2.6415388928132932,"4/4 (5,7,1,10)","3/4 (1,0,1,7)",3.183232700044755,2.7663,1716,724,23,9,1.7200660483303318,0.9864267287308425,LightGlue/ALIKED,LightGlue_ALIKED,False,False
ohrc_03,OHRC,SIFT_RANSAC,COARSE_ADVISORY,COARSE_ADVISORY,2.126977346078221,2.1787417591908285,"3/4 (3,3,0,6)","3/4 (0,12,1,7)",6.823566799983382,6.9038,134,715,12,20,1.5,1.1883763717345073,SIFT + Brute-Force (RANSAC fallback),SIFT + Brute-Force (RANSAC fallback),False,False
ohrc_04,OHRC,LightGlue_ALIKED,COARSE_ADVISORY,COARSE_ADVISORY,1.416433066242358,1.6593010726412103,"3/4 (0,3,7,5)","4/4 (3,3,1,9)",3.269198299967684,2.8280,1645,708,15,16,1.5058231002082845,1.6225562489182659,LightGlue/ALIKED,LightGlue/ALIKED,False,False
ohrc_04,OHRC,SIFT_RANSAC,DEGENERATE_FAILURE,COARSE_ADVISORY,2.6078094840816255,1.9450333609707522,"2/4 (0,0,4,10)","3/4 (9,4,0,4)",6.657799000036903,6.9325,127,718,14,17,0.863120568566631,1.468090781663233,SIFT_RANSAC,SIFT + Brute-Force (RANSAC fallback),False,False
ohrc_05,OHRC,LightGlue_ALIKED,COARSE_ADVISORY,DEGENERATE_FAILURE,2.1540370391301593,3.097507021708982,"3/4 (4,8,0,3)","2/4 (0,6,0,4)",4.131799199967645,3.7850,1474,586,15,10,1.456564762130954,0.9709505944546686,SIFT + Brute-Force (RANSAC fallback),LightGlue_ALIKED,True,False
ohrc_05,OHRC,SIFT_RANSAC,COARSE_ADVISORY,DEGENERATE_FAILURE,2.0321375006564883,3.097507021708982,"2/4 (0,3,0,5)","2/4 (0,6,0,4)",6.845374400028959,8.0039,109,541,8,10,0.954434002924965,0.9709505944546686,SIFT + Brute-Force (RANSAC fallback),SIFT_RANSAC,False,False
ohrc_06,OHRC,LightGlue_ALIKED,COARSE_ADVISORY,COARSE_ADVISORY,1.1609516674296456,2.2338285747228195,"2/4 (0,3,0,6)","4/4 (4,1,1,3)",4.2976337999571115,4.0922,1600,697,9,9,0.9182958340544896,1.7527152789797045,SIFT + Brute-Force (RANSAC fallback),SIFT + Brute-Force (RANSAC fallback),True,True
ohrc_06,OHRC,SIFT_RANSAC,COARSE_ADVISORY,COARSE_ADVISORY,1.1609516674296456,2.2338285747228195,"2/4 (0,3,0,6)","4/4 (4,1,1,3)",6.730263800011016,6.8626,112,614,9,9,0.9182958340544896,1.7527152789797045,SIFT + Brute-Force (RANSAC fallback),SIFT + Brute-Force (RANSAC fallback),False,False
tmc2_01,TMC-2,LightGlue_ALIKED,COARSE_ADVISORY,DEGENERATE_FAILURE,1.8368825444417543,3.8294919186404406,"3/4 (8,1,0,2)","3/4 (2,0,2,6)",4.279010400001425,3.6705,1430,519,11,10,1.0957952550009336,1.3709505944546687,SIFT + Brute-Force (RANSAC fallback),LightGlue_ALIKED,True,False
tmc2_01,TMC-2,SIFT_RANSAC,COARSE_ADVISORY,DEGENERATE_FAILURE,1.8368825444417543,3.8294919186404406,"3/4 (8,1,0,2)","3/4 (2,0,2,6)",6.618768000043929,7.7191,90,376,11,10,1.0957952550009336,1.3709505944546687,SIFT + Brute-Force (RANSAC fallback),SIFT_RANSAC,False,False
tmc2_02,TMC-2,LightGlue_ALIKED,COARSE_ADVISORY,COARSE_ADVISORY,1.3648706588752488,1.3354696460688658,"2/4 (6,0,6,0)","3/4 (5,0,3,3)",4.02037530002417,4.1034,1307,482,12,11,1.0,1.5394847569315018,SIFT + Brute-Force (RANSAC fallback),SIFT + Brute-Force (RANSAC fallback),True,True
tmc2_02,TMC-2,SIFT_RANSAC,COARSE_ADVISORY,COARSE_ADVISORY,1.3648706588752488,1.3354696460688658,"2/4 (6,0,6,0)","3/4 (5,0,3,3)",6.983316500030924,7.8942,75,425,12,11,1.0,1.5394847569315018,SIFT + Brute-Force (RANSAC fallback),SIFT + Brute-Force (RANSAC fallback),False,True
tmc2_03,TMC-2,LightGlue_ALIKED,DEGENERATE_FAILURE,DEGENERATE_FAILURE,3.9755183318531384,0.6119143192592883,"1/4 (0,0,10,0)","2/4 (0,0,3,4)",4.250410999986343,3.8335,1472,613,10,7,0.0,0.9852281360342515,LightGlue_ALIKED,LightGlue_ALIKED,False,False
tmc2_03,TMC-2,SIFT_RANSAC,DEGENERATE_FAILURE,DEGENERATE_FAILURE,3.9755183318531384,2.391363287944123,"1/4 (0,0,10,0)","2/4 (1,5,0,0)",7.3785325000062585,7.7734,91,462,10,6,0.0,0.6500224216483541,SIFT_RANSAC,SIFT_RANSAC,False,False
tmc2_04,TMC-2,LightGlue_ALIKED,DEGENERATE_FAILURE,COARSE_ADVISORY,3.833934307557956,2.2340553812949424,"3/4 (1,0,5,6)","3/4 (1,0,3,4)",3.852147799974773,3.7716,1641,691,12,8,1.3250112108241772,1.4056390622295665,LightGlue_ALIKED,SIFT + Brute-Force (RANSAC fallback),False,True
tmc2_04,TMC-2,SIFT_RANSAC,DEGENERATE_FAILURE,COARSE_ADVISORY,3.833934307557956,2.2340553812949424,"3/4 (1,0,5,6)","3/4 (1,0,3,4)",7.170250899973325,7.3406,92,530,12,8,1.3250112108241772,1.4056390622295665,SIFT_RANSAC,SIFT + Brute-Force (RANSAC fallback),False,True
tmc2_05,TMC-2,LightGlue_ALIKED,COARSE_ADVISORY,COARSE_ADVISORY,2.4650434195257636,1.293246177217951,"2/4 (4,7,0,0)","2/4 (5,3,0,0)",4.040408800006844,3.7767,1563,678,11,8,0.9456603046006401,0.954434002924965,SIFT + Brute-Force (RANSAC fallback),SIFT + Brute-Force (RANSAC fallback),True,True
tmc2_05,TMC-2,SIFT_RANSAC,COARSE_ADVISORY,COARSE_ADVISORY,2.4650434195257636,1.293246177217951,"2/4 (4,7,0,0)","2/4 (5,3,0,0)",7.399910100037232,7.4141,93,598,11,8,0.9456603046006401,0.954434002924965,SIFT + Brute-Force (RANSAC fallback),SIFT + Brute-Force (RANSAC fallback),True,True
tmc2_06,TMC-2,LightGlue_ALIKED,DEGENERATE_FAILURE,DEGENERATE_FAILURE,2.6078032658782675,3.1203673485646406,"3/4 (0,4,4,3)","4/4 (2,3,2,2)",3.852730499987956,3.7031,1590,745,11,9,1.5726236638951638,1.974937501201927,LightGlue_ALIKED,LightGlue_ALIKED,False,False
tmc2_06,TMC-2,SIFT_RANSAC,COARSE_ADVISORY,DEGENERATE_FAILURE,1.7803666762502803,3.1203673485646406,"3/4 (6,0,1,8)","4/4 (2,3,2,2)",6.453357299964409,7.3207,91,648,15,9,1.272905595320056,1.974937501201927,SIFT + Brute-Force (RANSAC fallback),SIFT_RANSAC,False,False
