pair_id,sensor,terrain,matcher,correspondences,rmse_insample,rmse_heldout,n_heldout_points,inliers,entropy,quadrants,verdict,runtime_s,gt_rmse,notes
ohrc_01,OHRC,south-polar highlands; cratered surface with prominent shadowed crater rims (visual only; no DEM label),LightGlue_ALIKED,1280,1.6200,1.1579,3,17,1.9928,"4/4 (4,5,4,4)",COARSE_ADVISORY,20.2223,,Independent ground truth pending; browse-image crop mapping is approximate.
ohrc_01,OHRC,south-polar highlands; cratered surface with prominent shadowed crater rims (visual only; no DEM label),SIFT_RANSAC,105,1.1673,1.4203,2,9,1.3516,"3/4 (0,5,3,1)",COARSE_ADVISORY,7.3409,,Independent ground truth pending; browse-image crop mapping is approximate.
ohrc_02,OHRC,south-polar highlands; rough cratered relief and shadowed massif/ridge-like slopes (visual only),LightGlue_ALIKED,1757,1.5365,3.3274,2,10,1.7610,"4/4 (2,1,5,2)",DEGENERATE_FAILURE,3.1469,,Independent ground truth pending; browse-image crop mapping is approximate.
ohrc_02,OHRC,south-polar highlands; rough cratered relief and shadowed massif/ridge-like slopes (visual only),SIFT_RANSAC,148,1.3673,1.6818,4,21,1.2060,"3/4 (2,0,14,5)",COARSE_ADVISORY,7.2800,,Independent ground truth pending; browse-image crop mapping is approximate.
ohrc_03,OHRC,"south-polar highlands; densely cratered, hummocky relief (visual only)",LightGlue_ALIKED,1716,1.9498,2.4457,5,23,1.7201,"4/4 (5,7,1,10)",COARSE_ADVISORY,3.1976,,Independent ground truth pending; browse-image crop mapping is approximate.
ohrc_03,OHRC,"south-polar highlands; densely cratered, hummocky relief (visual only)",SIFT_RANSAC,134,1.6810,2.1270,2,12,1.5000,"3/4 (3,3,0,6)",COARSE_ADVISORY,7.2630,,Independent ground truth pending; browse-image crop mapping is approximate.
ohrc_04,OHRC,south-polar highlands; inter-crater terrain with clustered small craters (visual only),LightGlue_ALIKED,1645,1.7460,1.4164,3,15,1.5058,"3/4 (0,3,7,5)",COARSE_ADVISORY,3.2754,,Independent ground truth pending; browse-image crop mapping is approximate.
ohrc_04,OHRC,south-polar highlands; inter-crater terrain with clustered small craters (visual only),SIFT_RANSAC,127,1.6784,2.6078,3,14,0.8631,"2/4 (0,0,4,10)",DEGENERATE_FAILURE,6.9242,,Independent ground truth pending; browse-image crop mapping is approximate.
ohrc_05,OHRC,south-polar highlands; mixed crater sizes and low-sun shadows (visual only),LightGlue_ALIKED,1474,1.7383,3.1097,2,11,1.9363,"4/4 (4,2,2,3)",DEGENERATE_FAILURE,3.1414,,Independent ground truth pending; browse-image crop mapping is approximate.
ohrc_05,OHRC,south-polar highlands; mixed crater sizes and low-sun shadows (visual only),SIFT_RANSAC,109,1.4669,2.0321,2,8,0.9544,"2/4 (0,3,0,5)",COARSE_ADVISORY,7.3665,,Independent ground truth pending; browse-image crop mapping is approximate.
ohrc_06,OHRC,south-polar highlands; prominent shadowed crater and rugged rim relief (visual only),LightGlue_ALIKED,1600,1.6755,1.8348,3,14,1.7885,"4/4 (6,4,1,3)",COARSE_ADVISORY,3.3181,,Independent ground truth pending; browse-image crop mapping is approximate.
ohrc_06,OHRC,south-polar highlands; prominent shadowed crater and rugged rim relief (visual only),SIFT_RANSAC,112,1.0834,1.1610,2,9,0.9183,"2/4 (0,3,0,6)",COARSE_ADVISORY,6.9097,,Independent ground truth pending; browse-image crop mapping is approximate.
tmc2_01,TMC-2,south-polar highlands; large shadowed crater walls and rugged relief (visual only; no DEM label),LightGlue_ALIKED,1430,1.8734,2.5910,2,10,1.0000,"2/4 (0,0,5,5)",DEGENERATE_FAILURE,2.7723,,Independent ground truth pending; browse-image crop mapping is approximate.
tmc2_01,TMC-2,south-polar highlands; large shadowed crater walls and rugged relief (visual only; no DEM label),SIFT_RANSAC,90,1.1469,1.8369,2,11,1.0958,"3/4 (8,1,0,2)",COARSE_ADVISORY,6.8142,,Independent ground truth pending; browse-image crop mapping is approximate.
tmc2_02,TMC-2,south-polar highlands; cratered surface with broad shadowed relief (visual only),LightGlue_ALIKED,1307,1.7543,2.5519,2,12,1.3844,"3/4 (2,3,0,7)",DEGENERATE_FAILURE,2.8959,,Independent ground truth pending; browse-image crop mapping is approximate.
tmc2_02,TMC-2,south-polar highlands; cratered surface with broad shadowed relief (visual only),SIFT_RANSAC,75,1.7591,1.3649,2,12,1.0000,"2/4 (6,0,6,0)",COARSE_ADVISORY,6.3238,,Independent ground truth pending; browse-image crop mapping is approximate.
tmc2_03,TMC-2,south-polar highlands; large shadowed crater and cratered surroundings (visual only),LightGlue_ALIKED,1472,1.5049,5.9085,1,7,1.4488,"3/4 (3,1,0,3)",DEGENERATE_FAILURE,2.8893,,Independent ground truth pending; browse-image crop mapping is approximate.
tmc2_03,TMC-2,south-polar highlands; large shadowed crater and cratered surroundings (visual only),SIFT_RANSAC,91,1.8441,3.9755,2,10,0.0000,"1/4 (0,0,10,0)",DEGENERATE_FAILURE,6.6148,,Independent ground truth pending; browse-image crop mapping is approximate.
tmc2_04,TMC-2,south-polar highlands; crater rim and rugged inter-crater relief (visual only),LightGlue_ALIKED,1641,1.5161,2.4556,2,8,1.5613,"3/4 (2,0,3,3)",COARSE_ADVISORY,3.1040,,Independent ground truth pending; browse-image crop mapping is approximate.
tmc2_04,TMC-2,south-polar highlands; crater rim and rugged inter-crater relief (visual only),SIFT_RANSAC,92,1.5670,3.8339,2,12,1.3250,"3/4 (1,0,5,6)",DEGENERATE_FAILURE,6.5473,,Independent ground truth pending; browse-image crop mapping is approximate.
tmc2_05,TMC-2,south-polar highlands; densely cratered inter-crater terrain (visual only),LightGlue_ALIKED,1563,1.6365,1.7370,2,8,1.0000,"2/4 (0,0,4,4)",COARSE_ADVISORY,3.1970,,Independent ground truth pending; browse-image crop mapping is approximate.
tmc2_05,TMC-2,south-polar highlands; densely cratered inter-crater terrain (visual only),SIFT_RANSAC,93,1.4655,2.4650,2,11,0.9457,"2/4 (4,7,0,0)",COARSE_ADVISORY,6.6938,,Independent ground truth pending; browse-image crop mapping is approximate.
tmc2_06,TMC-2,south-polar highlands; isolated crater with shadowed rim relief (visual only),LightGlue_ALIKED,1590,0.8114,1.4436,2,9,1.8366,"4/4 (4,2,1,2)",COARSE_ADVISORY,3.1022,,Independent ground truth pending; browse-image crop mapping is approximate.
tmc2_06,TMC-2,south-polar highlands; isolated crater with shadowed rim relief (visual only),SIFT_RANSAC,91,1.5324,1.7804,3,15,1.2729,"3/4 (6,0,1,8)",COARSE_ADVISORY,6.7039,,Independent ground truth pending; browse-image crop mapping is approximate.
