experiment,lambda,n_fit,inlier_rmse_px,heldout_x_px,heldout_y_px,q1_pred_rmse_px,max_disp_px,max_jac_grad,min_jac_det,notes
affine_baseline,-1,844,1.7827660696188963,6.471594261675821,5.497418457781927,nan,nan,nan,nan,A9-methodology affine on ECC-refined trusted set
sweep,0,844,6.002089331053877e-10,4.757537371508856,9.123977328190072,nan,nan,nan,nan,x-fit=77/x-check=427 y-fit=421/y-check=287
sweep,0.0001,844,0.19447770292764377,4.765837008986615,7.8829028562064245,nan,nan,nan,nan,x-fit=77/x-check=427 y-fit=421/y-check=287
sweep,0.001,844,0.38713543693818014,5.096752070166525,6.488320996894541,nan,nan,nan,nan,x-fit=77/x-check=427 y-fit=421/y-check=287
sweep,0.01,844,0.5672956602430844,5.544564096603118,5.83320746371622,nan,nan,nan,nan,x-fit=77/x-check=427 y-fit=421/y-check=287
sweep,0.1,844,0.7361950793628442,4.749605937285493,3.749986744729156,nan,nan,nan,nan,x-fit=77/x-check=427 y-fit=421/y-check=287
sweep,1,844,0.9363680293897193,3.5821935861539784,2.440159028454984,nan,nan,nan,nan,x-fit=77/x-check=427 y-fit=421/y-check=287
sweep,10,844,1.2316751316834147,3.688362079642097,2.3303390491413065,nan,nan,nan,nan,x-fit=77/x-check=427 y-fit=421/y-check=287
sweep,100,844,1.4626727088259408,3.879160831027533,1.9883183288384947,nan,nan,nan,nan,x-fit=77/x-check=427 y-fit=421/y-check=287
selected,100,844,1.4626727088259408,3.879160831027533,1.9883183288384947,nan,9.94739192445354,0.009200480789103743,0.9912583328255751,smoothness selected by held-out; sanity on full fit
killer_affine,-1,1974,nan,nan,nan,19.3315328126937,nan,nan,nan,global affine (fit Q2+Q3+Q4) predicting 884 Q1 inliers; median=18.37
killer_local,-1,884,1.7483679630354234,nan,nan,nan,nan,nan,nan,Q1-local RANSAC fit: the target to approach
killer,0,1974,nan,nan,nan,3.0651409839071495,34.98675654266407,0.07501892430024265,0.9329591855593136,median=2.950
killer,0.0001,1974,nan,nan,nan,2.7046464712206237,35.558774271418166,0.07755873871465772,0.933004289954985,median=2.490
killer,0.001,1974,nan,nan,nan,3.1537669276582876,36.816671024442286,0.07751580394507432,0.932525382833586,median=2.899
killer,0.01,1974,nan,nan,nan,3.1395436984420746,36.84834564050691,0.0709586050560825,0.93333422421147,median=2.896
killer,0.1,1974,nan,nan,nan,1.022504548911823,32.31456502602191,0.053560609889542775,0.9464826965627687,median=0.759
killer,1,1974,nan,nan,nan,6.523869737159916,21.960700528892534,0.031931836525147556,0.9708250542487297,median=6.291
killer,10,1974,nan,nan,nan,12.137089184012813,12.495369413789673,0.017189558535865887,0.9849506099644892,median=11.494
killer,100,1974,nan,nan,nan,14.947251239552644,8.300704497418764,0.009003061195793723,0.992160651354958,median=14.112
