azimuth_deg,elevation_deg,sift_corr,sift_inl,sift_rmse,sift_truth,sift_verdict,pc_corr,pc_inl,pc_rmse,pc_truth,pc_verdict
0,10,95,91,0.5354,0.0357,COARSE_ADVISORY,2003,1845,1.0706,0.138,COARSE_ADVISORY
15,10,53,47,0.8756,0.1458,COARSE_ADVISORY,55,50,1.2428,0.2717,COARSE_ADVISORY
30,10,10,9,0.7573,0.3103,COARSE_ADVISORY,0,0,0.0,,DEGENERATE_FAILURE
45,10,3,0,0.0,,DEGENERATE_FAILURE,0,0,0.0,,DEGENERATE_FAILURE
60,10,2,0,0.0,,DEGENERATE_FAILURE,0,0,0.0,,DEGENERATE_FAILURE
75,10,1,0,0.0,,DEGENERATE_FAILURE,0,0,0.0,,DEGENERATE_FAILURE
90,10,4,0,0.0,,DEGENERATE_FAILURE,0,0,0.0,,DEGENERATE_FAILURE
105,10,1,0,0.0,,DEGENERATE_FAILURE,0,0,0.0,,DEGENERATE_FAILURE
120,10,0,0,0.0,,DEGENERATE_FAILURE,0,0,0.0,,DEGENERATE_FAILURE
135,10,1,0,0.0,,DEGENERATE_FAILURE,1,0,0.0,,DEGENERATE_FAILURE
150,10,6,0,0.0,,DEGENERATE_FAILURE,0,0,0.0,,DEGENERATE_FAILURE
165,10,3,0,0.0,,DEGENERATE_FAILURE,77,72,1.2428,0.4388,COARSE_ADVISORY
180,10,3,0,0.0,,DEGENERATE_FAILURE,1531,1439,1.0874,0.0684,COARSE_ADVISORY
195,10,3,0,0.0,,DEGENERATE_FAILURE,83,72,1.2652,0.2379,COARSE_ADVISORY
210,10,2,0,0.0,,DEGENERATE_FAILURE,0,0,0.0,,DEGENERATE_FAILURE
225,10,2,0,0.0,,DEGENERATE_FAILURE,0,0,0.0,,DEGENERATE_FAILURE
240,10,2,0,0.0,,DEGENERATE_FAILURE,0,0,0.0,,DEGENERATE_FAILURE
255,10,1,0,0.0,,DEGENERATE_FAILURE,0,0,0.0,,DEGENERATE_FAILURE
270,10,2,0,0.0,,DEGENERATE_FAILURE,0,0,0.0,,DEGENERATE_FAILURE
285,10,1,0,0.0,,DEGENERATE_FAILURE,0,0,0.0,,DEGENERATE_FAILURE
300,10,2,0,0.0,,DEGENERATE_FAILURE,0,0,0.0,,DEGENERATE_FAILURE
315,10,3,0,0.0,,DEGENERATE_FAILURE,1,0,0.0,,DEGENERATE_FAILURE
330,10,10,8,3.6661,7.3563,DEGENERATE_FAILURE,0,0,0.0,,DEGENERATE_FAILURE
345,10,47,46,0.8962,0.2066,COARSE_ADVISORY,64,61,1.2782,0.1296,COARSE_ADVISORY
0,30,162,162,0.0,0.0,SUCCESS_SUBPIXEL,5122,5122,0.0,0.0,SUCCESS_SUBPIXEL
15,30,97,88,0.8077,0.1056,COARSE_ADVISORY,180,159,1.0548,0.1436,COARSE_ADVISORY
30,30,22,21,0.6558,0.0366,COARSE_ADVISORY,0,0,0.0,,DEGENERATE_FAILURE
45,30,8,8,0.5141,0.1886,COARSE_ADVISORY,0,0,0.0,,DEGENERATE_FAILURE
60,30,5,4,0.129,0.1719,DEGENERATE_FAILURE,0,0,0.0,,DEGENERATE_FAILURE
75,30,4,0,0.0,,DEGENERATE_FAILURE,0,0,0.0,,DEGENERATE_FAILURE
90,30,4,0,0.0,,DEGENERATE_FAILURE,0,0,0.0,,DEGENERATE_FAILURE
105,30,3,3,0.0,316.241,DEGENERATE_FAILURE,0,0,0.0,,DEGENERATE_FAILURE
120,30,3,0,0.0,,DEGENERATE_FAILURE,0,0,0.0,,DEGENERATE_FAILURE
135,30,4,0,0.0,,DEGENERATE_FAILURE,0,0,0.0,,DEGENERATE_FAILURE
150,30,5,0,0.0,,DEGENERATE_FAILURE,1,0,0.0,,DEGENERATE_FAILURE
165,30,6,0,0.0,,DEGENERATE_FAILURE,45,40,0.9342,0.3335,COARSE_ADVISORY
180,30,5,0,0.0,,DEGENERATE_FAILURE,735,664,1.0724,0.0534,COARSE_ADVISORY
195,30,5,0,0.0,,DEGENERATE_FAILURE,85,73,1.2249,0.1293,COARSE_ADVISORY
210,30,3,0,0.0,,DEGENERATE_FAILURE,0,0,0.0,,DEGENERATE_FAILURE
225,30,6,0,0.0,,DEGENERATE_FAILURE,0,0,0.0,,DEGENERATE_FAILURE
240,30,2,0,0.0,,DEGENERATE_FAILURE,0,0,0.0,,DEGENERATE_FAILURE
255,30,3,0,0.0,,DEGENERATE_FAILURE,0,0,0.0,,DEGENERATE_FAILURE
270,30,6,0,0.0,,DEGENERATE_FAILURE,0,0,0.0,,DEGENERATE_FAILURE
285,30,7,4,0.0,174.4116,DEGENERATE_FAILURE,0,0,0.0,,DEGENERATE_FAILURE
300,30,6,3,0.8311,172.805,DEGENERATE_FAILURE,0,0,0.0,,DEGENERATE_FAILURE
315,30,9,6,1.1036,0.9731,DEGENERATE_FAILURE,1,0,0.0,,DEGENERATE_FAILURE
330,30,20,17,0.8583,0.3674,COARSE_ADVISORY,0,0,0.0,,DEGENERATE_FAILURE
345,30,83,79,0.8961,0.1456,COARSE_ADVISORY,206,201,1.095,0.1287,COARSE_ADVISORY
0,50,65,62,0.3595,0.0132,SUCCESS_SUBPIXEL,2800,2630,1.1194,0.0464,COARSE_ADVISORY
15,50,50,46,0.8541,0.2126,COARSE_ADVISORY,125,109,1.2804,0.3249,COARSE_ADVISORY
30,50,22,18,0.829,0.2207,COARSE_ADVISORY,0,0,0.0,,DEGENERATE_FAILURE
45,50,9,7,4.9852,8.9199,DEGENERATE_FAILURE,0,0,0.0,,DEGENERATE_FAILURE
60,50,8,4,0.1526,0.2872,DEGENERATE_FAILURE,0,0,0.0,,DEGENERATE_FAILURE
75,50,5,3,0.0,247.0587,DEGENERATE_FAILURE,0,0,0.0,,DEGENERATE_FAILURE
90,50,5,0,0.0,,DEGENERATE_FAILURE,0,0,0.0,,DEGENERATE_FAILURE
105,50,2,0,0.0,,DEGENERATE_FAILURE,0,0,0.0,,DEGENERATE_FAILURE
120,50,5,0,0.0,,DEGENERATE_FAILURE,0,0,0.0,,DEGENERATE_FAILURE
135,50,7,4,1.5098,382.1208,DEGENERATE_FAILURE,0,0,0.0,,DEGENERATE_FAILURE
150,50,5,0,0.0,,DEGENERATE_FAILURE,1,0,0.0,,DEGENERATE_FAILURE
165,50,3,0,0.0,,DEGENERATE_FAILURE,9,8,1.1272,1.6023,COARSE_ADVISORY
180,50,5,3,1.6842,396.1062,DEGENERATE_FAILURE,79,68,1.3633,0.4827,COARSE_ADVISORY
195,50,6,0,0.0,,DEGENERATE_FAILURE,23,21,1.1339,0.0,COARSE_ADVISORY
210,50,7,3,0.0,297.3098,DEGENERATE_FAILURE,2,0,0.0,,DEGENERATE_FAILURE
225,50,5,0,0.0,,DEGENERATE_FAILURE,0,0,0.0,,DEGENERATE_FAILURE
240,50,5,0,0.0,,DEGENERATE_FAILURE,0,0,0.0,,DEGENERATE_FAILURE
255,50,5,0,0.0,,DEGENERATE_FAILURE,0,0,0.0,,DEGENERATE_FAILURE
270,50,5,0,0.0,,DEGENERATE_FAILURE,0,0,0.0,,DEGENERATE_FAILURE
285,50,1,0,0.0,,DEGENERATE_FAILURE,0,0,0.0,,DEGENERATE_FAILURE
300,50,3,0,0.0,,DEGENERATE_FAILURE,0,0,0.0,,DEGENERATE_FAILURE
315,50,9,4,0.5296,0.9613,DEGENERATE_FAILURE,0,0,0.0,,DEGENERATE_FAILURE
330,50,20,14,0.8925,0.1304,COARSE_ADVISORY,0,0,0.0,,DEGENERATE_FAILURE
345,50,47,39,0.6409,0.1116,COARSE_ADVISORY,99,92,1.2284,0.1395,COARSE_ADVISORY
0,70,8,7,64.396,94.7726,DEGENERATE_FAILURE,58,56,1.1846,0.5224,COARSE_ADVISORY
15,70,7,4,0.5335,0.2605,DEGENERATE_FAILURE,3,3,70.2927,98.3275,DEGENERATE_FAILURE
30,70,3,0,0.0,,DEGENERATE_FAILURE,0,0,0.0,,DEGENERATE_FAILURE
45,70,4,0,0.0,,DEGENERATE_FAILURE,0,0,0.0,,DEGENERATE_FAILURE
60,70,9,4,115.5864,193.5506,DEGENERATE_FAILURE,0,0,0.0,,DEGENERATE_FAILURE
75,70,6,3,0.0,371.3197,DEGENERATE_FAILURE,0,0,0.0,,DEGENERATE_FAILURE
90,70,6,3,1.5379,162.9737,DEGENERATE_FAILURE,0,0,0.0,,DEGENERATE_FAILURE
105,70,3,0,0.0,,DEGENERATE_FAILURE,0,0,0.0,,DEGENERATE_FAILURE
120,70,3,0,0.0,,DEGENERATE_FAILURE,0,0,0.0,,DEGENERATE_FAILURE
135,70,3,3,0.0,295.3325,DEGENERATE_FAILURE,1,0,0.0,,DEGENERATE_FAILURE
150,70,9,3,0.0,487.5569,DEGENERATE_FAILURE,0,0,0.0,,DEGENERATE_FAILURE
165,70,14,3,0.0,507.3097,DEGENERATE_FAILURE,2,0,0.0,,DEGENERATE_FAILURE
180,70,18,4,0.0,26079.77,DEGENERATE_FAILURE,0,0,0.0,,DEGENERATE_FAILURE
195,70,9,4,0.0,325.2349,DEGENERATE_FAILURE,1,0,0.0,,DEGENERATE_FAILURE
210,70,9,4,0.0,325.2361,DEGENERATE_FAILURE,0,0,0.0,,DEGENERATE_FAILURE
225,70,5,3,0.0,765.5874,DEGENERATE_FAILURE,0,0,0.0,,DEGENERATE_FAILURE
240,70,5,0,0.0,,DEGENERATE_FAILURE,0,0,0.0,,DEGENERATE_FAILURE
255,70,1,0,0.0,,DEGENERATE_FAILURE,0,0,0.0,,DEGENERATE_FAILURE
270,70,2,0,0.0,,DEGENERATE_FAILURE,0,0,0.0,,DEGENERATE_FAILURE
285,70,5,0,0.0,,DEGENERATE_FAILURE,0,0,0.0,,DEGENERATE_FAILURE
300,70,4,3,0.0,345.2015,DEGENERATE_FAILURE,0,0,0.0,,DEGENERATE_FAILURE
315,70,5,3,1.3007,295.0731,DEGENERATE_FAILURE,0,0,0.0,,DEGENERATE_FAILURE
330,70,7,4,0.0,599.5612,DEGENERATE_FAILURE,1,0,0.0,,DEGENERATE_FAILURE
345,70,8,4,58.4229,100.0201,DEGENERATE_FAILURE,17,15,2.0241,2.5375,DEGENERATE_FAILURE
