pair,matcher,correspondences,rmse_px,rmse_insample_px,rmse_heldout_px,inliers,verdict,runtime_s,final_engine,secondary_fallback,notes
synthetic_gentle,LightGlue_ALIKED,584,0.4826549159605383,0.42123849897323984,0.4826549159605383,35,SUCCESS_SUBPIXEL,18.225003500003368,LightGlue/ALIKED,False,
ohrc_01,LightGlue_ALIKED,546,,,,0,REJECTED,3.503838300006464,LightGlue_ALIKED,False,"MemoryError: Unable to allocate 64.0 MiB for an array with shape (2, 2048, 2048) and data type int64"
ohrc_02,LightGlue_ALIKED,751,,,,0,REJECTED,3.0158037999644876,LightGlue_ALIKED,False,"MemoryError: Unable to allocate 32.0 MiB for an array with shape (2048, 2048) and data type int64"
ohrc_03,LightGlue_ALIKED,724,,1.327967881234245,2.6415388928132932,9,DEGENERATE_FAILURE,2.7225369999650866,LightGlue_ALIKED,False,
ohrc_04,LightGlue_ALIKED,708,,,,0,REJECTED,2.674202600028366,LightGlue_ALIKED,False,"MemoryError: Unable to allocate 32.0 MiB for an array with shape (2048, 2048) and data type int64"
ohrc_05,LightGlue_ALIKED,586,,1.5839611502741258,3.721973378643703,9,DEGENERATE_FAILURE,2.953475199989043,LightGlue_ALIKED,False,
ohrc_06,LightGlue_ALIKED,697,1.300353500157115,1.6690519402898785,1.300353500157115,13,COARSE_ADVISORY,3.4464526000083424,LightGlue/ALIKED,True,
tmc2_01,LightGlue_ALIKED,519,2.372264659492036,1.335424365887686,2.372264659492036,10,COARSE_ADVISORY,3.38439500000095,LightGlue/ALIKED,True,
tmc2_02,LightGlue_ALIKED,482,2.485594970078843,1.6397458599431283,2.485594970078843,13,COARSE_ADVISORY,3.4111784000415355,LightGlue/ALIKED,True,
tmc2_03,LightGlue_ALIKED,613,,1.010635909708319,0.6119143192592883,7,DEGENERATE_FAILURE,3.1833377000293694,LightGlue_ALIKED,False,
tmc2_04,LightGlue_ALIKED,691,2.2340553812949424,1.0811155393740672,2.2340553812949424,8,COARSE_ADVISORY,5.183000099961646,SIFT + Brute-Force (RANSAC fallback),True,
tmc2_05,LightGlue_ALIKED,678,1.293246177217951,1.0535332051544015,1.293246177217951,8,COARSE_ADVISORY,5.050902900053188,SIFT + Brute-Force (RANSAC fallback),True,
tmc2_06,LightGlue_ALIKED,745,1.6584792746663966,1.1254099336685577,1.6584792746663966,9,COARSE_ADVISORY,4.543108799960464,LightGlue/ALIKED,True,
synthetic_gentle,SIFT_RANSAC,645,0.35568556313554167,0.3976728166783043,0.35568556313554167,35,SUCCESS_SUBPIXEL,1.0454701000126079,SIFT + Brute-Force (RANSAC),False,
ohrc_01,SIFT_RANSAC,566,0.8945154505402878,1.3817682780244178,0.8945154505402878,15,COARSE_ADVISORY,4.397485699970275,SIFT + Brute-Force (RANSAC),False,
ohrc_02,SIFT_RANSAC,767,1.14818636146691,1.1985129151855347,1.14818636146691,13,COARSE_ADVISORY,5.1900072999997064,SIFT + Brute-Force (RANSAC),False,
ohrc_03,SIFT_RANSAC,715,2.1787417591908285,1.6290103963248912,2.1787417591908285,20,COARSE_ADVISORY,4.489376200013794,SIFT + Brute-Force (RANSAC),False,
ohrc_04,SIFT_RANSAC,718,1.9450333609707522,1.8699690801267703,1.9450333609707522,17,COARSE_ADVISORY,4.238585899991449,SIFT + Brute-Force (RANSAC),False,
ohrc_05,SIFT_RANSAC,603,,1.5256599709343035,3.097507021708982,10,DEGENERATE_FAILURE,6.111506199988071,SIFT_RANSAC,False,
ohrc_06,SIFT_RANSAC,614,2.2338285747228195,1.2668254106928731,2.2338285747228195,9,COARSE_ADVISORY,4.747434799966868,SIFT + Brute-Force (RANSAC),False,
tmc2_01,SIFT_RANSAC,376,,1.9218567112261127,3.8294919186404406,10,DEGENERATE_FAILURE,5.314006100001279,SIFT_RANSAC,False,
tmc2_02,SIFT_RANSAC,425,1.3354696460688658,1.157187346635868,1.3354696460688658,11,COARSE_ADVISORY,6.808329900028184,SIFT + Brute-Force (RANSAC fallback),True,
tmc2_03,SIFT_RANSAC,462,,1.1679277089130609,2.391363287944123,6,DEGENERATE_FAILURE,5.953066499962006,SIFT_RANSAC,False,
tmc2_04,SIFT_RANSAC,530,2.2340553812949424,1.0811155393740672,2.2340553812949424,8,COARSE_ADVISORY,5.668303799990099,SIFT + Brute-Force (RANSAC fallback),True,
tmc2_05,SIFT_RANSAC,598,1.293246177217951,1.0535332051544015,1.293246177217951,8,COARSE_ADVISORY,5.603294699976686,SIFT + Brute-Force (RANSAC fallback),True,
tmc2_06,SIFT_RANSAC,648,,1.7026371828536138,3.1203673485646406,9,DEGENERATE_FAILURE,5.601799399999436,SIFT_RANSAC,False,
synthetic_gentle,RoMa,4096,0.16432245453915947,0.16062874838733468,0.16432245453915947,91,SUCCESS_SUBPIXEL,23.154444299987517,RoMa outdoor,False,
ohrc_01,RoMa,4096,1.3244089987408412,1.4042674878933596,1.3244089987408412,31,COARSE_ADVISORY,4.8388230000273325,RoMa outdoor,False,
ohrc_02,RoMa,4096,2.270517251604526,1.7714952976039327,2.270517251604526,26,COARSE_ADVISORY,4.313859299989417,RoMa outdoor,False,
ohrc_03,RoMa,4096,1.0131914763923096,1.2655582876131004,1.0131914763923096,44,COARSE_ADVISORY,4.418509500043001,RoMa outdoor,False,
ohrc_04,RoMa,4096,1.4631756786149157,1.299436281240264,1.4631756786149157,26,COARSE_ADVISORY,4.196682100009639,RoMa outdoor,False,
ohrc_05,RoMa,4096,1.296795976661807,1.1851095757846033,1.296795976661807,37,COARSE_ADVISORY,4.044908799987752,RoMa outdoor,False,
ohrc_06,RoMa,4096,1.1011665241671196,1.2276549015749256,1.1011665241671196,21,COARSE_ADVISORY,4.037066900054924,RoMa outdoor,False,
tmc2_01,RoMa,4096,,1.9218567112261127,3.8294919186404406,10,DEGENERATE_FAILURE,5.0712297999998555,RoMa,False,
tmc2_02,RoMa,4096,1.4786937311508201,1.597471055715453,1.4786937311508201,21,COARSE_ADVISORY,4.047100899973884,RoMa outdoor,False,
tmc2_03,RoMa,4096,,1.561269971537376,2.5637632114463367,13,DEGENERATE_FAILURE,4.081126099976245,RoMa,False,
tmc2_04,RoMa,4096,1.0298469927422695,1.4290374988699805,1.0298469927422695,29,COARSE_ADVISORY,4.19069799996214,RoMa outdoor,False,
tmc2_05,RoMa,4096,2.005375764054888,1.5754629221540204,2.005375764054888,25,COARSE_ADVISORY,4.375510499987286,RoMa outdoor,False,
tmc2_06,RoMa,4096,1.9832963475637626,1.31212415970567,1.9832963475637626,24,COARSE_ADVISORY,4.122356200008653,RoMa outdoor,False,
