pair,order,verdict,n_inliers,inlier_rmse,gate_rmse,gate_basis,stage_applied,stage_reason,lambda,min_jac_det,max_disp,n_rich
ohrc_01,old_off,COARSE_ADVISORY,19,1.3920166997869168,1.6445072993342726,held-out,False,flag_off,,,,19
ohrc_01,old_on,COARSE_ADVISORY,19,1.3920166997869168,1.6445072993342726,held-out,False,no_improvement,,,,19
ohrc_02,old_off,COARSE_ADVISORY,16,1.2537114490585528,1.3040864879540923,held-out,False,flag_off,,,,34
ohrc_02,old_on,COARSE_ADVISORY,16,1.2537114490585528,1.3040864879540923,held-out,False,no_improvement,,,,34
ohrc_03,old_off,COARSE_ADVISORY,14,1.2919942105482436,1.1020794072232387,held-out,False,flag_off,,,,24
ohrc_03,old_on,COARSE_ADVISORY,14,1.008370494284899,0.8540189710277413,held-out (deform-field stage internal stride 80/20 split),True,None,,,,24
ohrc_05,old_off,COARSE_ADVISORY,10,1.5645394104730177,2.054915611869818,held-out,False,flag_off,,,,10
ohrc_05,old_on,COARSE_ADVISORY,10,0.39894808925601405,1.3831600270319508,held-out (deform-field stage internal stride 80/20 split),True,None,,,,10
ohrc_01,new_A,COARSE_ADVISORY,19,1.3920166997869168,1.6445072993342726,held-out,False,no_improvement,,,,19
ohrc_02,new_A,COARSE_ADVISORY,11,0.4838430999485466,1.2559545499477978,"field held-out (stage set, stride 80/20)",True,None,0.1,1.004103796760458,2.533129793507962,34
ohrc_03,new_A,COARSE_ADVISORY,10,0.3079743448775557,1.0241316384975736,"field held-out (stage set, stride 80/20)",True,None,0.1,1.006065991083446,2.5928020249546053,24
ohrc_05,new_A,COARSE_ADVISORY,10,0.0,1.3831600270319508,"field held-out (stage set, stride 80/20)",True,None,0.1,1.0129299444429813,2.1464555469309485,10
ohrc_01,new_B,SUCCESS_SUBPIXEL,30,0.42315473019065436,0.4536266502402826,"field held-out (stage set, stride 80/20)",True,None,0.1,0.9808232236026095,2.82573289257112,842
ohrc_02,new_B,SUCCESS_SUBPIXEL,33,0.4384313662724255,0.4516296345025897,"field held-out (stage set, stride 80/20)",True,None,0.1,0.9780421381583249,3.6110668783384074,2153
ohrc_03,new_B,SUCCESS_SUBPIXEL,28,0.4754974716600386,0.34428162998433737,"field held-out (stage set, stride 80/20)",True,None,0.1,1.0021332308243704,3.8923705265806605,1436
ohrc_05,new_B,COARSE_ADVISORY,24,0.40553104765066456,0.5252242739518161,"field held-out (stage set, stride 80/20)",True,None,0.1,0.9886065131352684,3.413034487096468,415
