pair_id,matcher,verdict_before,verdict_after,verdict_movement,rmse_heldout_before,rmse_heldout_after,rmse_delta_px,runtime_before,runtime_after,runtime_delta_s
ohrc_01,LightGlue_ALIKED,COARSE_ADVISORY,DEGENERATE_FAILURE,regressed,1.1579,3.1439,1.9860,20.2223,21.4566,1.2343
ohrc_01,SIFT_RANSAC,COARSE_ADVISORY,COARSE_ADVISORY,unchanged,1.4203,1.6227,0.2024,7.3409,11.5674,4.2265
ohrc_02,LightGlue_ALIKED,DEGENERATE_FAILURE,COARSE_ADVISORY,improved,3.3274,1.5426,-1.7848,3.1469,4.0733,0.9264
ohrc_02,SIFT_RANSAC,COARSE_ADVISORY,COARSE_ADVISORY,unchanged,1.6818,1.4120,-0.2698,7.2800,11.8062,4.5262
ohrc_03,LightGlue_ALIKED,COARSE_ADVISORY,COARSE_ADVISORY,unchanged,2.4457,1.5379,-0.9078,3.1976,3.1694,-0.0282
ohrc_03,SIFT_RANSAC,COARSE_ADVISORY,COARSE_ADVISORY,unchanged,2.1270,1.3957,-0.7313,7.2630,11.1160,3.8530
ohrc_04,LightGlue_ALIKED,COARSE_ADVISORY,COARSE_ADVISORY,unchanged,1.4164,2.0737,0.6573,3.2754,3.9800,0.7046
ohrc_04,SIFT_RANSAC,DEGENERATE_FAILURE,COARSE_ADVISORY,improved,2.6078,1.0867,-1.5211,6.9242,10.8301,3.9059
ohrc_05,LightGlue_ALIKED,DEGENERATE_FAILURE,COARSE_ADVISORY,improved,3.1097,1.0244,-2.0853,3.1414,3.7376,0.5962
ohrc_05,SIFT_RANSAC,COARSE_ADVISORY,COARSE_ADVISORY,unchanged,2.0321,1.8121,-0.2200,7.3665,10.6850,3.3185
ohrc_06,LightGlue_ALIKED,COARSE_ADVISORY,COARSE_ADVISORY,unchanged,1.8348,0.6923,-1.1425,3.3181,3.6678,0.3497
ohrc_06,SIFT_RANSAC,COARSE_ADVISORY,COARSE_ADVISORY,unchanged,1.1610,1.1906,0.0296,6.9097,10.8386,3.9289
tmc2_01,LightGlue_ALIKED,DEGENERATE_FAILURE,SUCCESS_SUBPIXEL,improved,2.5910,0.4155,-2.1755,2.7723,3.6035,0.8312
tmc2_01,SIFT_RANSAC,COARSE_ADVISORY,COARSE_ADVISORY,unchanged,1.8369,1.0192,-0.8177,6.8142,7.4689,0.6547
tmc2_02,LightGlue_ALIKED,DEGENERATE_FAILURE,DEGENERATE_FAILURE,unchanged,2.5519,2.6962,0.1443,2.8959,3.1016,0.2057
tmc2_02,SIFT_RANSAC,COARSE_ADVISORY,COARSE_ADVISORY,unchanged,1.3649,1.2008,-0.1641,6.3238,7.4712,1.1474
tmc2_03,LightGlue_ALIKED,DEGENERATE_FAILURE,DEGENERATE_FAILURE,unchanged,5.9085,2.6504,-3.2581,2.8893,3.3911,0.5018
tmc2_03,SIFT_RANSAC,DEGENERATE_FAILURE,DEGENERATE_FAILURE,unchanged,3.9755,2.6856,-1.2899,6.6148,7.5884,0.9736
tmc2_04,LightGlue_ALIKED,COARSE_ADVISORY,DEGENERATE_FAILURE,regressed,2.4556,3.3663,0.9107,3.1040,3.2004,0.0964
tmc2_04,SIFT_RANSAC,DEGENERATE_FAILURE,COARSE_ADVISORY,improved,3.8339,1.4765,-2.3574,6.5473,7.4873,0.9400
tmc2_05,LightGlue_ALIKED,COARSE_ADVISORY,DEGENERATE_FAILURE,regressed,1.7370,4.2898,2.5528,3.1970,3.0449,-0.1521
tmc2_05,SIFT_RANSAC,COARSE_ADVISORY,COARSE_ADVISORY,unchanged,2.4650,1.9640,-0.5010,6.6938,7.5669,0.8731
tmc2_06,LightGlue_ALIKED,COARSE_ADVISORY,COARSE_ADVISORY,unchanged,1.4436,1.4946,0.0510,3.1022,3.3576,0.2554
tmc2_06,SIFT_RANSAC,COARSE_ADVISORY,COARSE_ADVISORY,unchanged,1.7804,1.0322,-0.7482,6.7039,7.5256,0.8217
