pair,sensor,flag,status_code,n_inliers,rmse_in_sample_px,rmse_gate_px,rmse_heldout_px,gate_basis,df_applied,df_reason,df_lambda,df_rmse_before_px,df_rmse_after_px,df_heldout_px,df_heldout_affine_px,df_max_disp_px,df_min_jac_det,df_improvement_px,notes
ohrc_01,OHRC,off,COARSE_ADVISORY,19,1.3920166997869168,1.6445072993342726,1.6445072993342726,held-out,False,flag_off,,,,,,,,,
ohrc_01,OHRC,on,COARSE_ADVISORY,19,1.3920166997869168,1.6445072993342726,1.6445072993342726,held-out,False,no_improvement,,,,,0.9888381291978449,,,0.03847834258342153,
ohrc_02,OHRC,off,COARSE_ADVISORY,16,1.2537114490585528,1.3040864879540923,1.3040864879540923,held-out,False,flag_off,,,,,,,,,
ohrc_02,OHRC,on,COARSE_ADVISORY,16,1.2537114490585528,1.3040864879540923,1.3040864879540923,held-out,False,no_improvement,,,,,1.0466742728428415,,,-0.01004739692038048,
ohrc_03,OHRC,off,COARSE_ADVISORY,14,1.2919942105482436,1.1020794072232387,1.1020794072232387,held-out,False,flag_off,,,,,,,,,
ohrc_03,OHRC,on,COARSE_ADVISORY,14,1.008370494284899,0.8540189710277413,0.8540189710277413,held-out (deform-field stage internal stride 80/20 split),True,,100.0,1.291994210548254,1.008370494284899,0.8540189710277413,0.9983396626491783,1.5583835260575298,1.0186244629316836,0.14432069162143701,
ohrc_04,OHRC,off,COARSE_ADVISORY,16,2.021370452254831,1.7056507240728107,1.7056507240728107,held-out,False,flag_off,,,,,,,,,
ohrc_04,OHRC,on,COARSE_ADVISORY,16,2.021370452254831,1.7056507240728107,1.7056507240728107,held-out,False,no_improvement,,,,,1.2373382524041512,,,0.0016025091345064357,
ohrc_05,OHRC,off,COARSE_ADVISORY,10,1.5645394104730177,2.054915611869818,2.054915611869818,held-out,False,flag_off,,,,,,,,,
ohrc_05,OHRC,on,COARSE_ADVISORY,10,0.39894808925601405,1.3831600270319508,1.3831600270319508,held-out (deform-field stage internal stride 80/20 split),True,,0.1,1.5645394104730261,0.39894808925601405,1.3831600270319508,1.8593681152947363,2.1464555469309485,1.0129299444429813,0.4762080882627855,
ohrc_06,OHRC,off,COARSE_ADVISORY,8,0.9532777695600104,1.1510429840979663,1.1510429840979663,held-out,False,flag_off,,,,,,,,,
ohrc_06,OHRC,on,COARSE_ADVISORY,8,0.9532777695600104,1.1510429840979663,1.1510429840979663,held-out,False,no_improvement,,,,,0.7898841396041297,,,-2.297640586142711,
tmc2_01,TMC-2,off,DEGENERATE_FAILURE,8,4.963423336452967e-11,0.0,0.0,held-out,False,flag_off,,,,,,,,,
tmc2_01,TMC-2,on,DEGENERATE_FAILURE,8,4.963423336452967e-11,0.0,0.0,held-out,False,no_improvement,,,,,5.00290551771436e-11,,,4.996237385389073e-11,
tmc2_02,TMC-2,off,DEGENERATE_FAILURE,8,1.8698384653710287e-10,0.0,0.0,held-out,False,flag_off,,,,,,,,,
tmc2_02,TMC-2,on,DEGENERATE_FAILURE,8,1.8698384653710287e-10,0.0,0.0,held-out,False,no_improvement,,,,,1.449284171800196e-10,,,1.4489355988140778e-10,
tmc2_03,TMC-2,off,DEGENERATE_FAILURE,8,2.4333130297166256e-10,0.0,0.0,held-out,False,flag_off,,,,,,,,,
tmc2_03,TMC-2,on,DEGENERATE_FAILURE,8,2.4333130297166256e-10,0.0,0.0,held-out,False,no_improvement,,,,,1.7419348287193377e-10,,,1.7410567800151726e-10,
tmc2_04,TMC-2,off,DEGENERATE_FAILURE,8,2.8302882997363047e-11,0.0,0.0,held-out,False,flag_off,,,,,,,,,
tmc2_04,TMC-2,on,DEGENERATE_FAILURE,8,2.8302882997363047e-11,0.0,0.0,held-out,False,no_improvement,,,,,2.1364376560880713e-11,,,2.1322135370046978e-11,
tmc2_05,TMC-2,off,DEGENERATE_FAILURE,6,9.20558532718828e-11,0.0,0.0,held-out,False,flag_off,,,,,,,,,
tmc2_05,TMC-2,on,DEGENERATE_FAILURE,6,9.20558532718828e-11,0.0,0.0,held-out,False,insufficient_points_for_split,,,,,,,,,
tmc2_06,TMC-2,off,DEGENERATE_FAILURE,8,6.59349845884785e-11,0.0,0.0,held-out,False,flag_off,,,,,,,,,
tmc2_06,TMC-2,on,DEGENERATE_FAILURE,8,6.59349845884785e-11,0.0,0.0,held-out,False,no_improvement,,,,,4.6315353533113414e-11,,,4.6102649237621117e-11,
ohrc_01,OHRC,off,COARSE_ADVISORY,19,1.3920166997869168,1.6445072993342726,1.6445072993342726,held-out,False,flag_off,,,,,,,,,; determinism_recheck:IDENTICAL
