pair,pair_description,reference_product,source_product,status,gate_rmse,gate_basis,n_inliers,entropy,quadrants,qcounts,stage_applied,stage_reason,stage_lambda,hook_n_inliers,hook_sweep_best_lambda,hook_sweep_best_check_px,hook_affine_check_px,hook_improvement_px,hook_improvement_required_px,hook_max_disp_px,hook_min_jac_det,blockers
ohrc_04,inter-crater terrain with clustered small craters,ch2_ohr_nrp_20240425T1209509264_d_img_d18,ch2_ohr_nrp_20240425T1406019344_d_img_d18,COARSE_ADVISORY,0.39573448128115296,held-out (deform-field stage internal stride 80/20 split),12,0.8112781244591328,2,"[0, 0, 3, 9]",True,,0.1,1141,0.1,0.39573448128115296,1.6853739827888499,1.289639501507697,0.0842686991394425,3.402766920113572,0.9933339613703667,quadrants 2 < 3
ohrc_05,mixed crater sizes and low-sun shadows,ch2_ohr_nrp_20240425T1209509264_d_img_d18,ch2_ohr_nrp_20240425T1406019344_d_img_d18,COARSE_ADVISORY,0.5313775614280176,held-out (deform-field stage internal stride 80/20 split),20,1.5588718484453603,3,"[5, 8, 0, 7]",True,,0.1,504,0.1,0.5313775614280176,1.7903507555888447,1.258973194160827,0.08951753777944224,3.3485696948245764,0.9787470634793695,RMSE 0.531 > 0.50
ohrc_06,prominent shadowed crater and rugged rim relief,ch2_ohr_nrp_20240425T1209509264_d_img_d18,ch2_ohr_nrp_20240425T1406019344_d_img_d18,COARSE_ADVISORY,0.6449376811690345,held-out (deform-field stage internal stride 80/20 split),20,1.4406454496153462,3,"[7, 10, 0, 3]",True,,0.1,867,0.1,0.6449376811690345,1.789194052825816,1.1442563716567813,0.0894597026412908,3.72339777326719,0.9903758351522765,RMSE 0.645 > 0.50
tmc2_01,large shadowed crater walls and rugged relief,ch2_tmc_ncf_20231101T0125121344_d_img_d18,ch2_tmc_ncn_20231101T0125121377_d_img_d18,DEGENERATE_FAILURE,0.0,held-out,7,0.0,1,"[0, 7, 0, 0]",False,no_improvement,,,1.0,6.730323249558952e-14,9.624225322289168e-11,9.61749499903961e-11,0.02,,,inliers 7 < 8; entropy nan < 0.75; quadrants 1 < 3
tmc2_02,cratered surface with broad shadowed relief,ch2_tmc_ncf_20231101T0125121344_d_img_d18,ch2_tmc_ncn_20231101T0125121377_d_img_d18,DEGENERATE_FAILURE,3.312974378517456e-10,in-sample fallback; held-out unavailable,3,0.0,1,"[0, 0, 0, 3]",False,no_improvement,,,1.0,4.991638418408388e-14,3.262447943314728e-10,3.261948779472887e-10,0.02,,,inliers 3 < 8; entropy nan < 0.75; quadrants 1 < 3
tmc2_03,large shadowed crater and cratered surroundings,ch2_tmc_ncf_20231101T0125121344_d_img_d18,ch2_tmc_ncn_20231101T0125121377_d_img_d18,DEGENERATE_FAILURE,3.376504439303259e-10,in-sample fallback; held-out unavailable,4,0.0,1,"[0, 0, 0, 4]",False,no_improvement,,,1.0,5.890493800007871e-14,8.710878254274809e-11,8.704987760474801e-11,0.02,,,inliers 4 < 8; entropy nan < 0.75; quadrants 1 < 3
tmc2_04,crater rim and rugged inter-crater relief,ch2_tmc_ncf_20231101T0125121344_d_img_d18,ch2_tmc_ncn_20231101T0125121377_d_img_d18,DEGENERATE_FAILURE,3.7499082548057155e-11,in-sample fallback; held-out unavailable,4,0.0,1,"[4, 0, 0, 0]",False,no_improvement,,,10.0,8.899888661775324e-14,1.5794208675857684e-10,1.5785308787195909e-10,0.02,,,inliers 4 < 8; entropy nan < 0.75; quadrants 1 < 3
tmc2_05,densely cratered inter-crater terrain,ch2_tmc_ncf_20231101T0125121344_d_img_d18,ch2_tmc_ncn_20231101T0125121377_d_img_d18,DEGENERATE_FAILURE,1.4614548008666233e-10,in-sample fallback; held-out unavailable,4,0.0,1,"[0, 0, 4, 0]",False,no_improvement,,,1.0,6.622433050800364e-14,4.608056015053026e-10,4.607393771747946e-10,0.02,,,inliers 4 < 8; entropy nan < 0.75; quadrants 1 < 3
tmc2_06,isolated crater with shadowed rim relief,ch2_tmc_ncf_20231101T0125121344_d_img_d18,ch2_tmc_ncn_20231101T0125121377_d_img_d18,DEGENERATE_FAILURE,0.0,held-out,5,0.0,1,"[0, 5, 0, 0]",False,no_improvement,,,10.0,9.3439413425857e-14,1.0674672041656852e-10,1.0665328100314265e-10,0.02,,,inliers 5 < 8; entropy nan < 0.75; quadrants 1 < 3
