azimuth_deg,elevation_deg,correspondences,inliers,inlier_rmse_px,truth_rmse_px,entropy,quadrants,verdict,runtime_s
0,10,18,14,0.60655,0.42468,1.95919,5/3/3/3,COARSE_ADVISORY,0.0836
0,30,363,363,0.00000,0.00000,1.99871,86/95/94/88,SUCCESS_SUBPIXEL,0.0888
0,50,197,194,0.85829,0.10037,1.97560,35/47/54/58,COARSE_ADVISORY,0.1008
0,70,104,100,1.11400,0.13248,1.87798,14/19/25/42,COARSE_ADVISORY,0.0890
15,10,12,8,1.70909,1.40438,1.56128,3/3/2/0,COARSE_ADVISORY,0.0809
15,30,270,266,0.66501,0.03214,1.99356,57/73/71/65,COARSE_ADVISORY,0.0848
15,50,182,178,0.90095,0.09509,1.97276,34/41/45/58,COARSE_ADVISORY,0.0992
15,70,101,84,1.09290,0.35642,1.74607,9/11/23/41,COARSE_ADVISORY,0.0935
30,10,5,0,inf,inf,0.00000,0/0/0/0,DEGENERATE_FAILURE,0.0878
30,30,181,178,0.94797,0.15481,1.97554,40/38/41/59,COARSE_ADVISORY,0.1273
30,50,159,139,0.95288,0.22278,1.93166,22/29/37/51,COARSE_ADVISORY,0.1627
30,70,101,95,1.16195,0.27123,1.88778,13/18/26/38,COARSE_ADVISORY,0.1664
45,10,1,0,inf,inf,0.00000,0/0/0/0,DEGENERATE_FAILURE,0.1145
45,30,120,107,1.16949,0.13433,1.90176,17/22/24/44,COARSE_ADVISORY,0.1147
45,50,128,121,1.06152,0.16007,1.84384,18/20/28/55,COARSE_ADVISORY,0.0893
45,70,94,88,1.20118,0.42286,1.89245,13/15/26/34,COARSE_ADVISORY,0.0948
60,10,1,0,inf,inf,0.00000,0/0/0/0,DEGENERATE_FAILURE,0.0782
60,30,64,58,1.16014,0.21838,1.77571,7/10/12/29,COARSE_ADVISORY,0.0877
60,50,100,95,1.09693,0.20623,1.71303,10/12/24/49,COARSE_ADVISORY,0.0884
60,70,84,79,1.17235,0.22452,1.81214,10/11/23/35,COARSE_ADVISORY,0.0891
75,10,0,0,inf,inf,0.00000,0/0/0/0,DEGENERATE_FAILURE,0.0780
75,30,30,25,1.13017,0.36560,1.68154,4/3/4/14,COARSE_ADVISORY,0.1071
75,50,75,70,1.10186,0.13019,1.79361,9/9/20/32,COARSE_ADVISORY,0.1095
75,70,71,67,1.22183,0.31976,1.76720,10/9/14/34,COARSE_ADVISORY,0.1349
90,10,0,0,inf,inf,0.00000,0/0/0/0,DEGENERATE_FAILURE,0.2850
90,30,19,16,1.28249,0.30068,1.78064,3/2/3/8,COARSE_ADVISORY,0.4196
90,50,60,49,1.17456,0.36346,1.58950,5/4/12/28,COARSE_ADVISORY,0.1414
90,70,70,64,1.28064,0.27695,1.75000,8/8/16/32,COARSE_ADVISORY,0.2933
105,10,1,0,inf,inf,0.00000,0/0/0/0,DEGENERATE_FAILURE,0.1579
105,30,8,0,inf,inf,0.00000,0/0/0/0,DEGENERATE_FAILURE,0.1704
105,50,45,35,1.11767,0.29044,1.70207,5/3/9/18,COARSE_ADVISORY,0.2731
105,70,57,53,1.36817,0.12663,1.72649,5/7/15/26,COARSE_ADVISORY,0.2312
120,10,0,0,inf,inf,0.00000,0/0/0/0,DEGENERATE_FAILURE,0.1012
120,30,7,0,inf,inf,0.00000,0/0/0/0,DEGENERATE_FAILURE,0.1679
120,50,36,30,1.12346,0.23771,1.66913,2/4/9/15,COARSE_ADVISORY,0.1228
120,70,52,45,1.26609,0.36731,1.61387,5/3/13/24,COARSE_ADVISORY,0.1262
135,10,0,0,inf,inf,0.00000,0/0/0/0,DEGENERATE_FAILURE,0.1012
135,30,6,0,inf,inf,0.00000,0/0/0/0,DEGENERATE_FAILURE,0.1206
135,50,29,26,1.39280,0.63737,1.48853,2/2/6/16,COARSE_ADVISORY,0.1385
135,70,40,36,1.25680,0.20991,1.56832,4/2/10/20,COARSE_ADVISORY,0.1206
150,10,0,0,inf,inf,0.00000,0/0/0/0,DEGENERATE_FAILURE,0.1228
150,30,6,0,inf,inf,0.00000,0/0/0/0,DEGENERATE_FAILURE,0.1710
150,50,27,23,1.36150,0.64476,1.38387,1/2/5/15,COARSE_ADVISORY,0.1194
150,70,38,33,1.31922,0.26083,1.44909,3/2/7/21,COARSE_ADVISORY,0.1606
165,10,1,0,inf,inf,0.00000,0/0/0/0,DEGENERATE_FAILURE,0.1476
165,30,6,0,inf,inf,0.00000,0/0/0/0,DEGENERATE_FAILURE,0.1081
165,50,29,24,1.27999,0.52178,1.46130,1/3/5/15,COARSE_ADVISORY,0.1113
165,70,38,33,1.18400,0.21456,1.58317,3/3/8/19,COARSE_ADVISORY,0.1502
180,10,0,0,inf,inf,0.00000,0/0/0/0,DEGENERATE_FAILURE,0.0961
180,30,6,0,inf,inf,0.00000,0/0/0/0,DEGENERATE_FAILURE,0.0989
180,50,24,20,1.31011,0.37023,1.44115,1/3/3/13,COARSE_ADVISORY,0.1245
180,70,37,33,1.41146,0.52043,1.41643,3/1/9/20,COARSE_ADVISORY,0.1201
195,10,0,0,inf,inf,0.00000,0/0/0/0,DEGENERATE_FAILURE,0.1021
195,30,7,0,inf,inf,0.00000,0/0/0/0,DEGENERATE_FAILURE,0.1064
195,50,24,20,1.36379,0.61509,1.35272,0/3/5/12,COARSE_ADVISORY,0.1077
195,70,38,33,1.15615,0.34199,1.41643,3/1/9/20,COARSE_ADVISORY,0.1391
210,10,1,0,inf,inf,0.00000,0/0/0/0,DEGENERATE_FAILURE,0.1475
210,30,7,0,inf,inf,0.00000,0/0/0/0,DEGENERATE_FAILURE,0.1179
210,50,27,23,1.37717,0.45046,1.44475,1/2/6/14,COARSE_ADVISORY,0.1650
210,70,37,27,1.39292,1.30824,1.54736,2/2/8/15,COARSE_ADVISORY,0.1630
225,10,0,0,inf,inf,0.00000,0/0/0/0,DEGENERATE_FAILURE,0.1125
225,30,8,0,inf,inf,0.00000,0/0/0/0,DEGENERATE_FAILURE,0.1347
225,50,28,23,1.20253,0.49712,1.59200,1/3/7/12,COARSE_ADVISORY,0.1340
225,70,45,37,1.18022,0.24378,1.58778,3/3/11/20,COARSE_ADVISORY,0.1644
240,10,0,0,inf,inf,0.00000,0/0/0/0,DEGENERATE_FAILURE,0.0952
240,30,10,9,1.09250,0.85442,1.75272,1/1/3/4,COARSE_ADVISORY,0.1360
240,50,33,30,1.43110,0.25880,1.64022,2/4/8/16,COARSE_ADVISORY,0.1792
240,70,48,44,1.29334,0.28153,1.69073,4/5/13/22,COARSE_ADVISORY,0.1836
255,10,0,0,inf,inf,0.00000,0/0/0/0,DEGENERATE_FAILURE,0.2948
255,30,15,13,1.28720,0.43479,1.83393,2/2/3/6,COARSE_ADVISORY,0.1773
255,50,42,36,1.28552,0.32346,1.62207,3/4/9/20,COARSE_ADVISORY,0.2053
255,70,58,52,1.35584,0.35243,1.83986,6/9/15/22,COARSE_ADVISORY,0.3011
270,10,0,0,inf,inf,0.00000,0/0/0/0,DEGENERATE_FAILURE,0.2159
270,30,26,22,1.25480,0.16039,1.65465,2/2/7/11,COARSE_ADVISORY,0.2019
270,50,57,53,1.17331,0.29098,1.75705,5/9/13/26,COARSE_ADVISORY,0.2410
270,70,68,58,1.34426,0.38135,1.73738,6/8/15/29,COARSE_ADVISORY,0.2250
285,10,2,0,inf,inf,0.00000,0/0/0/0,DEGENERATE_FAILURE,0.1928
285,30,37,32,1.14922,0.39958,1.70303,3/5/7/17,COARSE_ADVISORY,0.2349
285,50,76,70,1.12924,0.23005,1.79526,7/12/19/32,COARSE_ADVISORY,0.1791
285,70,70,55,1.12392,0.44398,1.73418,5/8/15/27,COARSE_ADVISORY,0.1908
300,10,0,0,inf,inf,0.00000,0/0/0/0,DEGENERATE_FAILURE,0.2104
300,30,73,68,1.08716,0.33566,1.79078,6/12/20/30,COARSE_ADVISORY,0.3073
300,50,97,89,1.04676,0.26481,1.76796,7/15/28/39,COARSE_ADVISORY,0.2231
300,70,76,69,1.32027,0.21047,1.78804,6/15/16/32,COARSE_ADVISORY,0.2168
315,10,1,0,inf,inf,0.00000,0/0/0/0,DEGENERATE_FAILURE,0.1625
315,30,118,111,1.10079,0.15606,1.91734,15/26/29/41,COARSE_ADVISORY,0.2611
315,50,122,116,1.10878,0.11590,1.92642,17/25/32/42,COARSE_ADVISORY,0.1916
315,70,83,75,1.21881,0.12375,1.90484,10/17/19/29,COARSE_ADVISORY,0.3380
330,10,5,0,inf,inf,0.00000,0/0/0/0,DEGENERATE_FAILURE,0.2141
330,30,176,169,0.90053,0.09541,1.98607,38/35/48/48,COARSE_ADVISORY,0.1224
330,50,158,155,1.05801,0.09630,1.96216,26/36/44/49,COARSE_ADVISORY,0.2504
330,70,98,88,1.13115,0.17406,1.86663,12/17/21/38,COARSE_ADVISORY,0.2329
345,10,11,8,1.21870,0.53075,1.90564,1/2/3/2,COARSE_ADVISORY,0.1924
345,30,258,248,0.64040,0.04235,1.99542,56/59/64/69,COARSE_ADVISORY,0.1434
345,50,193,190,0.93452,0.07818,1.97705,36/43/56/55,COARSE_ADVISORY,0.2298
345,70,104,98,1.19964,0.27537,1.86916,13/20/23/42,COARSE_ADVISORY,0.1428
