table_version,benchmark,pair,matcher,correspondences,inliers,rmse_px,rmse_heldout_px,gt_rmse_px,entropy,quadrants,verdict,runtime_s,hardware,source_table,notes
v1,gpu_validation,synthetic_gentle,RIFT2,0,0,,,,0.0,"0/4 (0,0,0,0)",REJECTED: Only 0 correspondences,22.66620050003985,NVIDIA RTX 5070,table_issue01_gpu_validation.csv,
v1,gpu_validation,synthetic_gentle,LightGlue_ALIKED,1276,43,0.3694768305346762,,,1.9988106997275763,"4/4 (11,10,11,11)",ACCEPTED (Sub-Pixel Precision),17.709155299991835,NVIDIA RTX 5070,table_issue01_gpu_validation.csv,
v1,gpu_validation,synthetic_gentle,SIFT_RANSAC,150,54,0.39797883074596385,,,1.9513097957895795,"4/4 (17,8,15,14)",ACCEPTED (Sub-Pixel Precision),2.087459600006696,NVIDIA RTX 5070,table_issue01_gpu_validation.csv,
v1,gpu_validation,OHRC_pair,RIFT2,1,0,,,,0.0,"0/4 (0,0,0,0)",REJECTED: Only 1 correspondences,42.047240899992175,NVIDIA RTX 5070,table_issue01_gpu_validation.csv,
v1,gpu_validation,OHRC_pair,LightGlue_ALIKED,553,34,1.796071957641206,,,1.9366673818775624,"4/4 (6,6,11,11)",COARSE ALIGNMENT (Regional Fit Advisory),2.281455199990887,NVIDIA RTX 5070,table_issue01_gpu_validation.csv,
v1,gpu_validation,OHRC_pair,SIFT_RANSAC,104,9,1.5425123316884326,,,0.9864267287308424,"3/4 (7,0,1,1)",COARSE ALIGNMENT (Regional Fit Advisory),4.394166099955328,NVIDIA RTX 5070,table_issue01_gpu_validation.csv,
v1,gpu_validation,TMC2_fore_nadir,RIFT2,0,0,,,,0.0,"0/4 (0,0,0,0)",REJECTED: Only 0 correspondences,78.0994619000121,NVIDIA RTX 5070,table_issue01_gpu_validation.csv,
v1,gpu_validation,TMC2_fore_nadir,LightGlue_ALIKED,1537,13,1.5558487006656572,,,1.6691803368667308,"4/4 (2,3,1,7)",COARSE ALIGNMENT (Regional Fit Advisory),3.161719100025948,NVIDIA RTX 5070,table_issue01_gpu_validation.csv,
v1,gpu_validation,TMC2_fore_nadir,SIFT_RANSAC,106,24,2.2258678123173246,,,1.7295739585136223,"4/4 (4,6,2,12)",COARSE ALIGNMENT (Regional Fit Advisory),7.153720700007398,NVIDIA RTX 5070,table_issue01_gpu_validation.csv,
v1,ground_truth,synthetic_gentle,RIFT2,,,,,,,,UNMEASURED_NO_FIT,,,table_issue02_ground_truth.csv,n_gt_points=25; known synthetic warp (no valid transform)
v1,ground_truth,synthetic_gentle,LightGlue_ALIKED,,,,0.4231709230,0.119166,,,YES,,,table_issue02_ground_truth.csv,n_gt_points=25; known synthetic warp (data/ground_truth/synthetic_gentle.csv)
v1,ground_truth,synthetic_gentle,SIFT_RANSAC,,,,0.4735171094,0.053374,,,YES,,,table_issue02_ground_truth.csv,n_gt_points=25; known synthetic warp (data/ground_truth/synthetic_gentle.csv)
v1,ground_truth,OHRC_pair,RIFT2,,,,,,,,UNMEASURED_NO_FIT,,,table_issue02_ground_truth.csv,n_gt_points=20; data/ground_truth/gt_ohrc_pair_human_verified.csv (RIFT2 produced no fit)
v1,ground_truth,TMC2_fore_nadir,RIFT2,,,,,,,,UNMEASURED_NO_FIT,,,table_issue02_ground_truth.csv,n_gt_points=20; data/ground_truth/gt_tmc2_fore_nadir_human_verified.csv (RIFT2 produced no fit)
v1,ground_truth,OHRC_pair,LightGlue_ALIKED,,,,1.5374719216,5.651034,,,NO,,,table_issue02_ground_truth.csv,n_gt_points=20; data/ground_truth/gt_ohrc_pair_human_verified.csv (human-reviewed NCC ties; ~0.5-1 px localization noise)
v1,ground_truth,OHRC_pair,SIFT_RANSAC,,,,1.9797391828,5.496597,,,NO,,,table_issue02_ground_truth.csv,n_gt_points=20; data/ground_truth/gt_ohrc_pair_human_verified.csv (human-reviewed NCC ties; ~0.5-1 px localization noise)
v1,ground_truth,TMC2_fore_nadir,LightGlue_ALIKED (SIFT fallback used),,,,1.7950233624,27.351923,,,NO,,,table_issue02_ground_truth.csv,n_gt_points=20; data/ground_truth/gt_tmc2_fore_nadir_human_verified.csv (human-reviewed NCC ties; ~0.5-1 px localization noise)
v1,ground_truth,TMC2_fore_nadir,SIFT_RANSAC,,,,1.7950233624,27.351923,,,NO,,,table_issue02_ground_truth.csv,n_gt_points=20; data/ground_truth/gt_tmc2_fore_nadir_human_verified.csv (human-reviewed NCC ties; ~0.5-1 px localization noise)
v1,crop_benchmark_12pair,12 south-polar pairs (6 OHRC + 6 TMC-2),LightGlue_ALIKED,,,,,,,,"COARSE_ADVISORY: 7, DEGENERATE_FAILURE: 5",,,table_issue03_benchmark.csv,No row ACCEPTED; gt_rmse empty pending independent landmarks; windows do not cover mare terrain.
v1,crop_benchmark_12pair,12 south-polar pairs (6 OHRC + 6 TMC-2),SIFT_RANSAC,,,,,,,,"COARSE_ADVISORY: 8, DEGENERATE_FAILURE: 4",,,table_issue03_benchmark.csv,No row ACCEPTED; gt_rmse empty pending independent landmarks; windows do not cover mare terrain.
v1,external_baselines,synthetic_gentle,LightGlue_ALIKED,584,35,0.4826549159605383,0.4826549159605383,,,,SUCCESS_SUBPIXEL,18.225003500003368,,table_issue05_baselines.csv,
v1,external_baselines,ohrc_01,LightGlue_ALIKED,546,0,,,,,,REJECTED,3.503838300006464,,table_issue05_baselines.csv,"MemoryError: Unable to allocate 64.0 MiB for an array with shape (2, 2048, 2048) and data type int64"
v1,external_baselines,ohrc_02,LightGlue_ALIKED,751,0,,,,,,REJECTED,3.0158037999644876,,table_issue05_baselines.csv,"MemoryError: Unable to allocate 32.0 MiB for an array with shape (2048, 2048) and data type int64"
v1,external_baselines,ohrc_03,LightGlue_ALIKED,724,9,,2.6415388928132932,,,,DEGENERATE_FAILURE,2.7225369999650866,,table_issue05_baselines.csv,
v1,external_baselines,ohrc_04,LightGlue_ALIKED,708,0,,,,,,REJECTED,2.674202600028366,,table_issue05_baselines.csv,"MemoryError: Unable to allocate 32.0 MiB for an array with shape (2048, 2048) and data type int64"
v1,external_baselines,ohrc_05,LightGlue_ALIKED,586,9,,3.721973378643703,,,,DEGENERATE_FAILURE,2.953475199989043,,table_issue05_baselines.csv,
v1,external_baselines,ohrc_06,LightGlue_ALIKED,697,13,1.300353500157115,1.300353500157115,,,,COARSE_ADVISORY,3.4464526000083424,,table_issue05_baselines.csv,
v1,external_baselines,tmc2_01,LightGlue_ALIKED,519,10,2.372264659492036,2.372264659492036,,,,COARSE_ADVISORY,3.38439500000095,,table_issue05_baselines.csv,
v1,external_baselines,tmc2_02,LightGlue_ALIKED,482,13,2.485594970078843,2.485594970078843,,,,COARSE_ADVISORY,3.4111784000415355,,table_issue05_baselines.csv,
v1,external_baselines,tmc2_03,LightGlue_ALIKED,613,7,,0.6119143192592883,,,,DEGENERATE_FAILURE,3.1833377000293694,,table_issue05_baselines.csv,
v1,external_baselines,tmc2_04,LightGlue_ALIKED,691,8,2.2340553812949424,2.2340553812949424,,,,COARSE_ADVISORY,5.183000099961646,,table_issue05_baselines.csv,
v1,external_baselines,tmc2_05,LightGlue_ALIKED,678,8,1.293246177217951,1.293246177217951,,,,COARSE_ADVISORY,5.050902900053188,,table_issue05_baselines.csv,
v1,external_baselines,tmc2_06,LightGlue_ALIKED,745,9,1.6584792746663966,1.6584792746663966,,,,COARSE_ADVISORY,4.543108799960464,,table_issue05_baselines.csv,
v1,external_baselines,synthetic_gentle,SIFT_RANSAC,645,35,0.35568556313554167,0.35568556313554167,,,,SUCCESS_SUBPIXEL,1.0454701000126079,,table_issue05_baselines.csv,
v1,external_baselines,ohrc_01,SIFT_RANSAC,566,15,0.8945154505402878,0.8945154505402878,,,,COARSE_ADVISORY,4.397485699970275,,table_issue05_baselines.csv,
v1,external_baselines,ohrc_02,SIFT_RANSAC,767,13,1.14818636146691,1.14818636146691,,,,COARSE_ADVISORY,5.1900072999997064,,table_issue05_baselines.csv,
v1,external_baselines,ohrc_03,SIFT_RANSAC,715,20,2.1787417591908285,2.1787417591908285,,,,COARSE_ADVISORY,4.489376200013794,,table_issue05_baselines.csv,
v1,external_baselines,ohrc_04,SIFT_RANSAC,718,17,1.9450333609707522,1.9450333609707522,,,,COARSE_ADVISORY,4.238585899991449,,table_issue05_baselines.csv,
v1,external_baselines,ohrc_05,SIFT_RANSAC,603,10,,3.097507021708982,,,,DEGENERATE_FAILURE,6.111506199988071,,table_issue05_baselines.csv,
v1,external_baselines,ohrc_06,SIFT_RANSAC,614,9,2.2338285747228195,2.2338285747228195,,,,COARSE_ADVISORY,4.747434799966868,,table_issue05_baselines.csv,
v1,external_baselines,tmc2_01,SIFT_RANSAC,376,10,,3.8294919186404406,,,,DEGENERATE_FAILURE,5.314006100001279,,table_issue05_baselines.csv,
v1,external_baselines,tmc2_02,SIFT_RANSAC,425,11,1.3354696460688658,1.3354696460688658,,,,COARSE_ADVISORY,6.808329900028184,,table_issue05_baselines.csv,
v1,external_baselines,tmc2_03,SIFT_RANSAC,462,6,,2.391363287944123,,,,DEGENERATE_FAILURE,5.953066499962006,,table_issue05_baselines.csv,
v1,external_baselines,tmc2_04,SIFT_RANSAC,530,8,2.2340553812949424,2.2340553812949424,,,,COARSE_ADVISORY,5.668303799990099,,table_issue05_baselines.csv,
v1,external_baselines,tmc2_05,SIFT_RANSAC,598,8,1.293246177217951,1.293246177217951,,,,COARSE_ADVISORY,5.603294699976686,,table_issue05_baselines.csv,
v1,external_baselines,tmc2_06,SIFT_RANSAC,648,9,,3.1203673485646406,,,,DEGENERATE_FAILURE,5.601799399999436,,table_issue05_baselines.csv,
v1,external_baselines,synthetic_gentle,RoMa,4096,91,0.16432245453915947,0.16432245453915947,,,,SUCCESS_SUBPIXEL,23.154444299987517,,table_issue05_baselines.csv,
v1,external_baselines,ohrc_01,RoMa,4096,31,1.3244089987408412,1.3244089987408412,,,,COARSE_ADVISORY,4.8388230000273325,,table_issue05_baselines.csv,
v1,external_baselines,ohrc_02,RoMa,4096,26,2.270517251604526,2.270517251604526,,,,COARSE_ADVISORY,4.313859299989417,,table_issue05_baselines.csv,
v1,external_baselines,ohrc_03,RoMa,4096,44,1.0131914763923096,1.0131914763923096,,,,COARSE_ADVISORY,4.418509500043001,,table_issue05_baselines.csv,
v1,external_baselines,ohrc_04,RoMa,4096,26,1.4631756786149157,1.4631756786149157,,,,COARSE_ADVISORY,4.196682100009639,,table_issue05_baselines.csv,
v1,external_baselines,ohrc_05,RoMa,4096,37,1.296795976661807,1.296795976661807,,,,COARSE_ADVISORY,4.044908799987752,,table_issue05_baselines.csv,
v1,external_baselines,ohrc_06,RoMa,4096,21,1.1011665241671196,1.1011665241671196,,,,COARSE_ADVISORY,4.037066900054924,,table_issue05_baselines.csv,
v1,external_baselines,tmc2_01,RoMa,4096,10,,3.8294919186404406,,,,DEGENERATE_FAILURE,5.0712297999998555,,table_issue05_baselines.csv,
v1,external_baselines,tmc2_02,RoMa,4096,21,1.4786937311508201,1.4786937311508201,,,,COARSE_ADVISORY,4.047100899973884,,table_issue05_baselines.csv,
v1,external_baselines,tmc2_03,RoMa,4096,13,,2.5637632114463367,,,,DEGENERATE_FAILURE,4.081126099976245,,table_issue05_baselines.csv,
v1,external_baselines,tmc2_04,RoMa,4096,29,1.0298469927422695,1.0298469927422695,,,,COARSE_ADVISORY,4.19069799996214,,table_issue05_baselines.csv,
v1,external_baselines,tmc2_05,RoMa,4096,25,2.005375764054888,2.005375764054888,,,,COARSE_ADVISORY,4.375510499987286,,table_issue05_baselines.csv,
v1,external_baselines,tmc2_06,RoMa,4096,24,1.9832963475637626,1.9832963475637626,,,,COARSE_ADVISORY,4.122356200008653,,table_issue05_baselines.csv,
v1,iirs_first_contact,iirs2_fore_tmc2,LightGlue/ALIKED,19,4,1.1748296022415161,,,,"2/4 (1,3,0,0)",DEGENERATE_FAILURE,18.65707360000033,,table_issue12_iirs.csv,"IIRS 712.3 nm vs ch2_tmc_ncf_20231101T0125121344_d_img_d18; Final run: official LightGlue module and CUDA weights available; 4 inliers are too few for split-held-out scoring. Gate rejected for RMSE 1.1748 px, inlier yield 4<8, and 2/4 quadrants."
v1,iirs_first_contact,iirs2_fore_tmc2,SIFT + Brute-Force (RANSAC fallback),25,10,0.0,0.0,,,"1/4 (0,10,0,0)",DEGENERATE_FAILURE,1.1272819000005256,,table_issue12_iirs.csv,IIRS 712.3 nm vs ch2_tmc_ncf_20231101T0125121344_d_img_d18; Captured on identical crops before installing optional LightGlue. Zero residual metrics are numerically returned from a collapsed affine and are invalid; do not interpret as accuracy.
