pair_id,matcher,solar_azimuth_deg,solar_elevation_deg,correspondences,inliers,rmse_heldout_split_px,n_heldout_points,identity_gt_rmse_px,entropy,quadrants,verdict,registration_engine,fallback_path,runtime_s,notes
az_minus45_el30,LightGlue_ALIKED,-45.0,30.0,54,43,1.26888,9,2.70888,1.59961,22/10/10/1,COARSE_ADVISORY,LightGlue/ALIKED,"{""fallback_error"": null, ""fallback_reason"": null, ""fallback_triggered"": false, ""primary_engine"": ""LightGlue/ALIKED"", ""registration_engine"": ""LightGlue/ALIKED"", ""steps"": [""LightGlue/ALIKED""]}",17.87910,"Exact identity GT on shared DEM grid; simulated illumination, not orbital imagery."
az_minus45_el30,SIFT_RANSAC,-45.0,30.0,0,0,,0,,0.00000,0/0/0/0,REJECTED,None,{},0.21957,ValueError: Insufficient keypoint correspondences detected. Matcher detail: SIFT/RANSAC found no candidate
az_plus45_el30,LightGlue_ALIKED,45.0,30.0,26,18,1.39759,4,3.57957,1.29974,11/5/2/0,COARSE_ADVISORY,LightGlue/ALIKED,"{""fallback_error"": null, ""fallback_reason"": null, ""fallback_triggered"": false, ""primary_engine"": ""LightGlue/ALIKED"", ""registration_engine"": ""LightGlue/ALIKED"", ""steps"": [""LightGlue/ALIKED""]}",0.37671,"Exact identity GT on shared DEM grid; simulated illumination, not orbital imagery."
az_plus45_el30,SIFT_RANSAC,45.0,30.0,0,0,,0,,0.00000,0/0/0/0,REJECTED,None,{},0.23119,ValueError: Insufficient keypoint correspondences detected. Matcher detail: SIFT/RANSAC found no candidate
az0_el15,LightGlue_ALIKED,0.0,15.0,3,3,UNMEASURED,0,,0.91830,2/0/1/0,DEGENERATE_FAILURE,LightGlue/ALIKED,"{""fallback_error"": null, ""fallback_reason"": null, ""fallback_triggered"": false, ""primary_engine"": ""LightGlue/ALIKED"", ""registration_engine"": ""LightGlue/ALIKED"", ""steps"": [""LightGlue/ALIKED""]}",0.48634,"Exact identity GT on shared DEM grid; simulated illumination, not orbital imagery."
az0_el15,SIFT_RANSAC,0.0,15.0,94,86,0.89849,17,1.03347,1.95342,14/29/23/20,COARSE_ADVISORY,SIFT + Brute-Force (RANSAC),"{""fallback_error"": null, ""fallback_reason"": null, ""fallback_triggered"": false, ""primary_engine"": ""SIFT + Brute-Force (RANSAC)"", ""registration_engine"": ""SIFT + Brute-Force (RANSAC)"", ""steps"": [""SIFT + Brute-Force (RANSAC)""]}",0.19572,"Exact identity GT on shared DEM grid; simulated illumination, not orbital imagery."
az0_el60,LightGlue_ALIKED,0.0,60.0,35,34,0.67815,7,2.58915,1.76109,17/8/5/4,COARSE_ADVISORY,LightGlue/ALIKED,"{""fallback_error"": null, ""fallback_reason"": null, ""fallback_triggered"": false, ""primary_engine"": ""LightGlue/ALIKED"", ""registration_engine"": ""LightGlue/ALIKED"", ""steps"": [""LightGlue/ALIKED""]}",0.40760,"Exact identity GT on shared DEM grid; simulated illumination, not orbital imagery."
az0_el60,SIFT_RANSAC,0.0,60.0,113,9,1.35071,2,0.55103,1.75272,1/4/3/1,COARSE_ADVISORY,SIFT + Brute-Force (RANSAC),"{""fallback_error"": null, ""fallback_reason"": null, ""fallback_triggered"": false, ""primary_engine"": ""SIFT + Brute-Force (RANSAC)"", ""registration_engine"": ""SIFT + Brute-Force (RANSAC)"", ""steps"": [""SIFT + Brute-Force (RANSAC)""]}",0.25963,"Exact identity GT on shared DEM grid; simulated illumination, not orbital imagery."
az_minus45_el60,LightGlue_ALIKED,-45.0,60.0,48,33,1.65028,7,2.81338,1.48506,20/6/6/1,COARSE_ADVISORY,LightGlue/ALIKED,"{""fallback_error"": null, ""fallback_reason"": null, ""fallback_triggered"": false, ""primary_engine"": ""LightGlue/ALIKED"", ""registration_engine"": ""LightGlue/ALIKED"", ""steps"": [""LightGlue/ALIKED""]}",0.40009,"Exact identity GT on shared DEM grid; simulated illumination, not orbital imagery."
az_minus45_el60,SIFT_RANSAC,-45.0,60.0,0,0,,0,,0.00000,0/0/0/0,REJECTED,None,{},0.22214,ValueError: Insufficient keypoint correspondences detected. Matcher detail: SIFT/RANSAC found no candidate
az_plus45_el15,LightGlue_ALIKED,45.0,15.0,3,2,UNMEASURED,0,,1.00000,1/1/0/0,DEGENERATE_FAILURE,LightGlue/ALIKED,"{""fallback_error"": null, ""fallback_reason"": null, ""fallback_triggered"": false, ""primary_engine"": ""LightGlue/ALIKED"", ""registration_engine"": ""LightGlue/ALIKED"", ""steps"": [""LightGlue/ALIKED""]}",0.37776,"Exact identity GT on shared DEM grid; simulated illumination, not orbital imagery."
az_plus45_el15,SIFT_RANSAC,45.0,15.0,0,0,,0,,0.00000,0/0/0/0,REJECTED,None,{},0.19364,ValueError: Insufficient keypoint correspondences detected. Matcher detail: SIFT/RANSAC found no candidate
