window_id,pair,x0,y0,size,n_matches,n_inliers_raw,n_inliers_unique,rmse_px,rmse_heldout_px,entropy,quadrants,verdict,confidence,runtime_s,notes
tmc2_fore_nadir_w0000,tmc2_fore_nadir,512,120000,1024,5811,1163,1048,1.4142,1.6274,1.1441,"3/4 (77,719,0,252)",COARSE_ADVISORY,56.81,52.78,no independent accuracy available (no ground truth)
tmc2_fore_nadir_w0001,tmc2_fore_nadir,1536,120000,1024,6230,1857,1664,2.921,3.7014,1.8316,"4/4 (702,156,450,356)",DEGENERATE_FAILURE,54.99,64.53,no independent accuracy available (no ground truth)
tmc2_fore_nadir_w0002,tmc2_fore_nadir,2560,120000,1024,5199,513,475,1.6684,1.9064,1.4383,"3/4 (65,212,198,0)",COARSE_ADVISORY,54.98,43.87,no independent accuracy available (no ground truth)
tmc2_fore_nadir_w0003,tmc2_fore_nadir,512,121024,1024,5315,613,548,1.5747,1.8034,0.6659,"3/4 (48,478,0,22)",COARSE_ADVISORY,48.49,45.02,no independent accuracy available (no ground truth)
tmc2_fore_nadir_w0004,tmc2_fore_nadir,1536,121024,1024,4465,507,461,1.6651,1.9504,0.9651,"2/4 (281,0,180,0)",COARSE_ADVISORY,50.58,31.43,no independent accuracy available (no ground truth)
tmc2_fore_nadir_w0005,tmc2_fore_nadir,2560,121024,1024,5237,808,749,3.2439,4.0591,0.9952,"2/4 (0,0,405,344)",DEGENERATE_FAILURE,43.53,44.17,no independent accuracy available (no ground truth)
tmc2_fore_nadir_w0006,tmc2_fore_nadir,512,122048,1024,3907,1237,1141,2.5755,3.1554,0.7285,"2/4 (909,232,0,0)",DEGENERATE_FAILURE,44.59,27.44,no independent accuracy available (no ground truth)
tmc2_fore_nadir_w0007,tmc2_fore_nadir,1536,122048,1024,3346,865,771,3.1307,4.2741,0.7795,"2/4 (178,593,0,0)",DEGENERATE_FAILURE,43.56,19.98,no independent accuracy available (no ground truth)
tmc2_fore_nadir_w0008,tmc2_fore_nadir,2560,122048,1024,5696,510,466,1.53,1.8492,1.0881,"3/4 (282,0,10,174)",COARSE_ADVISORY,52.63,50.39,no independent accuracy available (no ground truth)
tmc2_fore_nadir_w0009,tmc2_fore_nadir,512,123072,1024,3816,566,522,1.5845,1.8343,0.983,"2/4 (301,0,221,0)",COARSE_ADVISORY,52.4,24.76,no independent accuracy available (no ground truth)
tmc2_fore_nadir_w0010,tmc2_fore_nadir,1536,123072,1024,5630,505,443,1.7204,2.076,1.4146,"3/4 (55,206,0,182)",COARSE_ADVISORY,53.91,48.7,no independent accuracy available (no ground truth)
tmc2_fore_nadir_w0011,tmc2_fore_nadir,2560,123072,1024,5123,985,887,2.8499,3.462,1.8172,"4/4 (356,275,184,72)",DEGENERATE_FAILURE,52.5,42.39,no independent accuracy available (no ground truth)
tmc2_fore_nadir_w0012,tmc2_fore_nadir,512,124096,1024,665,385,349,3.245,4.8696,0.0,"1/4 (349,0,0,0)",DEGENERATE_FAILURE,43.12,1.74,no independent accuracy available (no ground truth)
tmc2_fore_nadir_w0013,tmc2_fore_nadir,1536,124096,1024,5265,677,617,1.7785,2.0857,1.4332,"3/4 (0,324,97,196)",COARSE_ADVISORY,54.48,42.8,no independent accuracy available (no ground truth)
tmc2_fore_nadir_w0014,tmc2_fore_nadir,2560,124096,1024,5393,1135,1038,2.6554,3.3896,0.7284,"2/4 (0,0,827,211)",DEGENERATE_FAILURE,42.1,47.47,no independent accuracy available (no ground truth)
tmc2_fore_nadir_w0015,tmc2_fore_nadir,512,125120,1024,3719,1528,1393,2.934,3.6388,0.9594,"2/4 (0,0,532,861)",DEGENERATE_FAILURE,48.96,25.81,no independent accuracy available (no ground truth)
tmc2_fore_nadir_w0016,tmc2_fore_nadir,1536,125120,1024,6070,1245,1135,2.98,3.7427,0.9957,"3/4 (24,0,791,320)",DEGENERATE_FAILURE,44.63,58.55,no independent accuracy available (no ground truth)
tmc2_fore_nadir_w0017,tmc2_fore_nadir,2560,125120,1024,6446,574,524,1.6734,1.9448,1.545,"3/4 (185,0,218,121)",COARSE_ADVISORY,55.75,64.5,no independent accuracy available (no ground truth)
tmc2_fore_nadir_w0018,tmc2_fore_nadir,512,126144,1024,6373,1325,1204,2.791,3.2518,0.9897,"2/4 (0,0,530,674)",DEGENERATE_FAILURE,44.62,65.07,no independent accuracy available (no ground truth)
tmc2_fore_nadir_w0019,tmc2_fore_nadir,1536,126144,1024,6132,1462,1329,2.6811,3.6224,1.5546,"4/4 (29,308,722,270)",DEGENERATE_FAILURE,50.96,62.06,no independent accuracy available (no ground truth)
tmc2_fore_nadir_w0020,tmc2_fore_nadir,2560,126144,1024,5784,1009,911,2.9638,3.5303,0.9602,"2/4 (562,349,0,0)",DEGENERATE_FAILURE,43.54,54.03,no independent accuracy available (no ground truth)
tmc2_fore_nadir_w0021,tmc2_fore_nadir,512,127168,1024,6457,1204,1112,3.6396,4.3883,1.3303,"4/4 (483,57,16,556)",DEGENERATE_FAILURE,47.61,67.86,no independent accuracy available (no ground truth)
tmc2_fore_nadir_w0022,tmc2_fore_nadir,1536,127168,1024,6144,1200,1097,3.3922,4.041,0.9405,"2/4 (705,392,0,0)",DEGENERATE_FAILURE,43.87,60.6,no independent accuracy available (no ground truth)
tmc2_fore_nadir_w0023,tmc2_fore_nadir,2560,127168,1024,5686,1141,1035,3.0238,3.5195,1.1569,"3/4 (680,293,0,62)",DEGENERATE_FAILURE,46.12,52.16,no independent accuracy available (no ground truth)
tmc2_fore_nadir_w0024,tmc2_fore_nadir,512,128192,1024,6146,475,439,1.6504,1.9853,1.2905,"3/4 (0,225,183,31)",COARSE_ADVISORY,53.19,59.11,no independent accuracy available (no ground truth)
tmc2_fore_nadir_w0025,tmc2_fore_nadir,1536,128192,1024,5711,887,814,3.0894,4.2803,1.2001,"4/4 (4,413,373,24)",DEGENERATE_FAILURE,45.56,51.92,no independent accuracy available (no ground truth)
tmc2_fore_nadir_w0026,tmc2_fore_nadir,2560,128192,1024,5781,957,868,3.405,4.6403,1.514,"3/4 (217,230,0,421)",DEGENERATE_FAILURE,48.89,54.28,no independent accuracy available (no ground truth)
tmc2_fore_nadir_w0027,tmc2_fore_nadir,512,129216,1024,6477,1073,983,3.0122,3.6403,0.9966,"2/4 (0,525,0,458)",DEGENERATE_FAILURE,43.76,66.71,no independent accuracy available (no ground truth)
tmc2_fore_nadir_w0028,tmc2_fore_nadir,1536,129216,1024,6085,1088,978,3.0196,3.9189,1.4272,"3/4 (130,0,385,463)",DEGENERATE_FAILURE,48.29,62.29,no independent accuracy available (no ground truth)
tmc2_fore_nadir_w0029,tmc2_fore_nadir,2560,129216,1024,5856,419,382,1.671,1.8478,1.2225,"3/4 (0,20,213,149)",COARSE_ADVISORY,52.15,54.37,no independent accuracy available (no ground truth)
tmc2_fore_nadir_w0030,tmc2_fore_nadir,512,130240,1024,6519,555,514,1.6455,1.9699,1.1553,"4/4 (3,315,181,15)",COARSE_ADVISORY,52.07,68.33,no independent accuracy available (no ground truth)
tmc2_fore_nadir_w0031,tmc2_fore_nadir,1536,130240,1024,6710,591,530,1.6183,1.7572,0.9866,"2/4 (301,0,229,0)",COARSE_ADVISORY,50.66,69.75,no independent accuracy available (no ground truth)
tmc2_fore_nadir_w0032,tmc2_fore_nadir,2560,130240,1024,5681,1122,1018,2.7805,3.507,1.6385,"4/4 (35,233,516,234)",DEGENERATE_FAILURE,50.87,55.6,no independent accuracy available (no ground truth)
tmc2_fore_nadir_w0033,tmc2_fore_nadir,512,131264,1024,6340,565,517,1.6383,1.8749,0.9983,"2/4 (0,271,0,246)",COARSE_ADVISORY,50.64,65.0,no independent accuracy available (no ground truth)
tmc2_fore_nadir_w0034,tmc2_fore_nadir,1536,131264,1024,6782,627,568,1.5883,1.8567,1.1147,"3/4 (242,0,12,314)",COARSE_ADVISORY,52.36,74.95,no independent accuracy available (no ground truth)
tmc2_fore_nadir_w0035,tmc2_fore_nadir,2560,131264,1024,5711,623,569,1.6605,1.9272,0.9614,"2/4 (219,0,350,0)",COARSE_ADVISORY,50.5,53.35,no independent accuracy available (no ground truth)
tmc2_fore_nadir_w0036,tmc2_fore_nadir,512,132288,1024,6771,570,505,1.5689,1.8297,1.2178,"3/4 (223,0,23,259)",COARSE_ADVISORY,53.35,75.58,no independent accuracy available (no ground truth)
tmc2_fore_nadir_w0037,tmc2_fore_nadir,1536,132288,1024,6768,561,509,1.6207,1.9198,1.1336,"3/4 (0,230,267,12)",COARSE_ADVISORY,52.01,72.78,no independent accuracy available (no ground truth)
tmc2_fore_nadir_w0038,tmc2_fore_nadir,2560,132288,1024,5993,538,489,1.5953,1.9046,0.946,"2/4 (311,0,178,0)",COARSE_ADVISORY,50.55,58.09,no independent accuracy available (no ground truth)
tmc2_fore_nadir_w0039,tmc2_fore_nadir,512,133312,1024,6212,506,457,1.4644,1.7656,1.5601,"3/4 (184,157,0,116)",COARSE_ADVISORY,57.8,60.8,no independent accuracy available (no ground truth)
tmc2_fore_nadir_w0040,tmc2_fore_nadir,1536,133312,1024,6830,649,587,1.6412,2.0967,1.0963,"3/4 (271,0,9,307)",COARSE_ADVISORY,51.7,76.7,no independent accuracy available (no ground truth)
tmc2_fore_nadir_w0041,tmc2_fore_nadir,2560,133312,1024,5707,1130,1030,3.1223,4.0752,0.9915,"2/4 (459,0,571,0)",DEGENERATE_FAILURE,44.43,53.38,no independent accuracy available (no ground truth)
ohrc_pair_w0000,ohrc_pair,4096,40000,1024,6459,1822,1692,1.5288,1.7276,1.322,"4/4 (802,86,21,783)",COARSE_ADVISORY,59.48,72.27,no independent accuracy available (no ground truth)
ohrc_pair_w0001,ohrc_pair,5120,40000,1024,6250,1665,1541,1.6415,1.8799,1.1976,"3/4 (76,564,0,901)",COARSE_ADVISORY,56.73,65.55,no independent accuracy available (no ground truth)
ohrc_pair_w0002,ohrc_pair,6144,40000,1024,5998,2444,2266,1.3829,1.7376,1.5609,"4/4 (770,552,2,942)",COARSE_ADVISORY,66.22,67.3,no independent accuracy available (no ground truth)
ohrc_pair_w0003,ohrc_pair,4096,41024,1024,6561,1611,1490,1.5491,1.8555,1.4819,"3/4 (657,249,0,584)",COARSE_ADVISORY,60.0,73.04,no independent accuracy available (no ground truth)
ohrc_pair_w0004,ohrc_pair,5120,41024,1024,6303,3513,3259,1.3886,1.741,1.6105,"4/4 (803,26,1105,1325)",COARSE_ADVISORY,70.15,78.8,no independent accuracy available (no ground truth)
ohrc_pair_w0005,ohrc_pair,6144,41024,1024,5976,1837,1696,1.6453,1.8775,1.4922,"4/4 (5,680,747,264)",COARSE_ADVISORY,60.56,63.97,no independent accuracy available (no ground truth)
ohrc_pair_w0006,ohrc_pair,4096,42048,1024,6538,1813,1694,1.5386,1.74,1.5137,"3/4 (519,0,372,803)",COARSE_ADVISORY,61.23,73.14,no independent accuracy available (no ground truth)
ohrc_pair_w0007,ohrc_pair,5120,42048,1024,6384,2197,2035,1.6254,2.0351,1.0093,"3/4 (2,980,0,1053)",COARSE_ADVISORY,56.81,73.37,no independent accuracy available (no ground truth)
ohrc_pair_w0008,ohrc_pair,6144,42048,1024,6005,2218,2072,1.6483,2.116,1.5325,"4/4 (875,431,1,765)",COARSE_ADVISORY,62.47,65.35,no independent accuracy available (no ground truth)
ohrc_pair_w0009,ohrc_pair,4096,43072,1024,6469,2909,2707,1.7225,2.0464,1.8209,"4/4 (578,965,956,208)",COARSE_ADVISORY,66.45,80.35,no independent accuracy available (no ground truth)
ohrc_pair_w0010,ohrc_pair,5120,43072,1024,6284,3421,3158,1.6837,1.9028,1.7711,"4/4 (164,1274,901,819)",COARSE_ADVISORY,68.44,82.12,no independent accuracy available (no ground truth)
ohrc_pair_w0011,ohrc_pair,6144,43072,1024,6033,1842,1704,1.4712,1.8019,1.5403,"3/4 (549,405,0,750)",COARSE_ADVISORY,62.75,63.38,no independent accuracy available (no ground truth)
ohrc_pair_w0012,ohrc_pair,4096,44096,1024,6427,1958,1812,1.3115,1.5006,0.9988,"2/4 (0,869,0,943)",COARSE_ADVISORY,58.92,73.22,no independent accuracy available (no ground truth)
ohrc_pair_w0013,ohrc_pair,5120,44096,1024,6154,3382,3156,1.2756,1.5016,1.6997,"4/4 (855,639,155,1507)",COARSE_ADVISORY,72.06,78.17,no independent accuracy available (no ground truth)
ohrc_pair_w0014,ohrc_pair,6144,44096,1024,6033,2539,2366,1.4984,1.6106,1.4892,"4/4 (834,1,1112,419)",COARSE_ADVISORY,64.71,70.47,no independent accuracy available (no ground truth)
ohrc_pair_w0015,ohrc_pair,4096,45120,1024,6404,2739,2549,1.2673,1.4876,1.5604,"4/4 (494,341,182,1532)",COARSE_ADVISORY,67.88,78.73,no independent accuracy available (no ground truth)
ohrc_pair_w0016,ohrc_pair,5120,45120,1024,6210,2001,1841,1.7242,3.385,1.3066,"3/4 (152,691,0,998)",COARSE_ADVISORY,58.24,68.57,no independent accuracy available (no ground truth)
ohrc_pair_w0017,ohrc_pair,6144,45120,1024,5835,4522,4214,1.2176,1.4668,1.874,"4/4 (378,1307,1142,1387)",COARSE_ADVISORY,79.62,87.13,no independent accuracy available (no ground truth)
ohrc_pair_w0018,ohrc_pair,4096,46144,1024,6232,3886,3595,1.1641,1.3487,1.8622,"4/4 (937,396,783,1479)",COARSE_ADVISORY,76.4,84.81,no independent accuracy available (no ground truth)
ohrc_pair_w0019,ohrc_pair,5120,46144,1024,5980,1208,1129,1.5672,1.8612,1.4722,"3/4 (179,0,470,480)",COARSE_ADVISORY,58.77,58.55,no independent accuracy available (no ground truth)
ohrc_pair_w0020,ohrc_pair,6144,46144,1024,5725,2482,2290,1.455,1.6707,1.0735,"3/4 (0,36,906,1348)",COARSE_ADVISORY,61.18,61.09,no independent accuracy available (no ground truth)
ohrc_pair_w0021,ohrc_pair,4096,47168,1024,6216,3141,2905,1.7007,2.0444,1.996,"4/4 (770,651,700,784)",COARSE_ADVISORY,69.64,78.11,no independent accuracy available (no ground truth)
ohrc_pair_w0022,ohrc_pair,5120,47168,1024,6264,1810,1670,1.3737,1.6277,1.0976,"4/4 (26,631,7,1006)",COARSE_ADVISORY,58.9,68.3,no independent accuracy available (no ground truth)
ohrc_pair_w0023,ohrc_pair,6144,47168,1024,5815,2337,2175,1.2971,1.5337,1.5379,"4/4 (553,28,445,1149)",COARSE_ADVISORY,66.76,61.44,no independent accuracy available (no ground truth)
ohrc_pair_w0024,ohrc_pair,4096,48192,1024,6373,2232,2078,1.4393,1.5496,1.1655,"3/4 (63,1021,0,994)",COARSE_ADVISORY,60.41,71.58,no independent accuracy available (no ground truth)
ohrc_pair_w0025,ohrc_pair,5120,48192,1024,6023,2574,2397,1.5117,1.869,1.5474,"4/4 (500,15,728,1154)",COARSE_ADVISORY,65.31,72.84,no independent accuracy available (no ground truth)
ohrc_pair_w0026,ohrc_pair,6144,48192,1024,5909,1647,1535,1.5862,1.7745,1.4933,"3/4 (555,702,0,278)",COARSE_ADVISORY,60.56,61.11,no independent accuracy available (no ground truth)
ohrc_pair_w0027,ohrc_pair,4096,49216,1024,6421,2036,1876,1.5977,1.9407,1.5624,"3/4 (537,0,784,555)",COARSE_ADVISORY,61.95,70.01,no independent accuracy available (no ground truth)
ohrc_pair_w0028,ohrc_pair,5120,49216,1024,6073,1411,1315,1.6316,2.0903,1.4709,"4/4 (206,706,394,9)",COARSE_ADVISORY,58.81,62.48,no independent accuracy available (no ground truth)
ohrc_pair_w0029,ohrc_pair,6144,49216,1024,6076,2509,2315,3.0848,4.6862,1.5109,"4/4 (1007,191,83,1034)",DEGENERATE_FAILURE,54.63,67.6,no independent accuracy available (no ground truth)
ohrc_pair_w0030,ohrc_pair,4096,50240,1024,6281,2335,2158,1.4065,1.7345,1.4637,"3/4 (571,446,0,1141)",COARSE_ADVISORY,64.16,72.34,no independent accuracy available (no ground truth)
ohrc_pair_w0031,ohrc_pair,5120,50240,1024,6291,3419,3155,1.4629,1.6563,1.8242,"4/4 (859,1271,245,780)",COARSE_ADVISORY,71.15,82.95,no independent accuracy available (no ground truth)
ohrc_pair_w0032,ohrc_pair,6144,50240,1024,6177,2370,2229,1.4938,1.6286,1.1519,"3/4 (779,0,1360,90)",COARSE_ADVISORY,60.6,71.4,no independent accuracy available (no ground truth)
ohrc_pair_w0033,ohrc_pair,4096,51264,1024,6466,1995,1857,1.5274,1.758,1.4935,"3/4 (603,0,360,894)",COARSE_ADVISORY,61.84,73.89,no independent accuracy available (no ground truth)
ohrc_pair_w0034,ohrc_pair,5120,51264,1024,6301,2769,2571,1.3975,1.5919,1.6484,"4/4 (1148,77,470,876)",COARSE_ADVISORY,67.71,74.81,no independent accuracy available (no ground truth)
ohrc_pair_w0035,ohrc_pair,6144,51264,1024,6216,2482,2303,1.3353,1.5451,1.6066,"4/4 (901,573,15,814)",COARSE_ADVISORY,66.98,71.53,no independent accuracy available (no ground truth)
ohrc_pair_w0036,ohrc_pair,4096,52288,1024,6576,2514,2344,1.2475,1.4517,1.5615,"4/4 (895,132,186,1131)",COARSE_ADVISORY,67.05,78.38,no independent accuracy available (no ground truth)
ohrc_pair_w0037,ohrc_pair,5120,52288,1024,6486,3242,3005,1.4949,1.7948,1.4248,"4/4 (55,1108,255,1587)",COARSE_ADVISORY,65.88,84.59,no independent accuracy available (no ground truth)
ohrc_pair_w0038,ohrc_pair,6144,52288,1024,6245,2240,2079,1.383,1.5675,1.9358,"4/4 (697,353,381,648)",COARSE_ADVISORY,68.85,71.76,no independent accuracy available (no ground truth)
ohrc_pair_w0039,ohrc_pair,4096,53312,1024,6634,1574,1453,1.3848,1.8375,0.9627,"2/4 (0,562,0,891)",COARSE_ADVISORY,56.25,74.44,no independent accuracy available (no ground truth)
ohrc_pair_w0040,ohrc_pair,5120,53312,1024,6333,4082,3790,1.4446,1.7172,1.8475,"4/4 (704,1413,388,1285)",COARSE_ADVISORY,73.99,91.74,no independent accuracy available (no ground truth)
ohrc_pair_w0041,ohrc_pair,6144,53312,1024,6144,1569,1456,1.4993,1.7075,1.4095,"3/4 (180,703,0,573)",COARSE_ADVISORY,60.03,64.77,no independent accuracy available (no ground truth)
